Copyright 1986-2022 Xilinx, Inc. All Rights Reserved. Copyright 2022-2023 Advanced Micro Devices, Inc. All Rights Reserved.
---------------------------------------------------------------------------------------------------------------------------------------------------------------------------------------------------------------------------------------------
| Tool Version : Vivado v.2023.2 (lin64) Build 4029153 Fri Oct 13 20:13:54 MDT 2023
| Date         : Thu Apr 24 23:06:47 2025
| Host         : iscandar running 64-bit Ubuntu 22.04.5 LTS
| Command      : report_timing_summary -max_paths 10 -report_unconstrained -file video_controller_timing_summary_routed.rpt -pb video_controller_timing_summary_routed.pb -rpx video_controller_timing_summary_routed.rpx -warn_on_violation
| Design       : video_controller
| Device       : 7a100t-csg324
| Speed File   : -1  PRODUCTION 1.23 2018-06-13
| Design State : Routed
---------------------------------------------------------------------------------------------------------------------------------------------------------------------------------------------------------------------------------------------

Timing Summary Report

------------------------------------------------------------------------------------------------
| Timer Settings
| --------------
------------------------------------------------------------------------------------------------

  Enable Multi Corner Analysis               :  Yes
  Enable Pessimism Removal                   :  Yes
  Pessimism Removal Resolution               :  Nearest Common Node
  Enable Input Delay Default Clock           :  No
  Enable Preset / Clear Arcs                 :  No
  Disable Flight Delays                      :  No
  Ignore I/O Paths                           :  No
  Timing Early Launch at Borrowing Latches   :  No
  Borrow Time for Max Delay Exceptions       :  Yes
  Merge Timing Exceptions                    :  Yes
  Inter-SLR Compensation                     :  Conservative

  Corner  Analyze    Analyze    
  Name    Max Paths  Min Paths  
  ------  ---------  ---------  
  Slow    Yes        Yes        
  Fast    Yes        Yes        


------------------------------------------------------------------------------------------------
| Report Methodology
| ------------------
------------------------------------------------------------------------------------------------

Rule       Severity          Description                                             Violations  
---------  ----------------  ------------------------------------------------------  ----------  
TIMING-17  Critical Warning  Non-clocked sequential cell                             90          
XDCC-1     Warning           Scoped Clock constraint overwritten with the same name  1           

Note: This report is based on the most recent report_methodology run and may not be up-to-date. Run report_methodology on the current design for the latest report.



check_timing report

Table of Contents
-----------------
1. checking no_clock (90)
2. checking constant_clock (0)
3. checking pulse_width_clock (0)
4. checking unconstrained_internal_endpoints (194)
5. checking no_input_delay (1)
6. checking no_output_delay (4)
7. checking multiple_clock (0)
8. checking generated_clocks (0)
9. checking loops (0)
10. checking partial_input_delay (0)
11. checking partial_output_delay (0)
12. checking latch_loops (0)

1. checking no_clock (90)
-------------------------
 There are 90 register/latch pins with no clock driven by root clock pin: clk_gen/clk_pix_reg/Q (HIGH)


2. checking constant_clock (0)
------------------------------
 There are 0 register/latch pins with constant_clock.


3. checking pulse_width_clock (0)
---------------------------------
 There are 0 register/latch pins which need pulse_width check


4. checking unconstrained_internal_endpoints (194)
--------------------------------------------------
 There are 194 pins that are not constrained for maximum delay. (HIGH)

 There are 0 pins that are not constrained for maximum delay due to constant clock.


5. checking no_input_delay (1)
------------------------------
 There is 1 input port with no input delay specified. (HIGH)

 There are 0 input ports with no input delay but user has a false path constraint.


6. checking no_output_delay (4)
-------------------------------
 There are 4 ports with no output delay specified. (HIGH)

 There are 0 ports with no output delay but user has a false path constraint

 There are 0 ports with no output delay but with a timing clock defined on it or propagating through it


7. checking multiple_clock (0)
------------------------------
 There are 0 register/latch pins with multiple clocks.


8. checking generated_clocks (0)
--------------------------------
 There are 0 generated clocks that are not connected to a clock source.


9. checking loops (0)
---------------------
 There are 0 combinational loops in the design.


10. checking partial_input_delay (0)
------------------------------------
 There are 0 input ports with partial input delay specified.


11. checking partial_output_delay (0)
-------------------------------------
 There are 0 ports with partial output delay specified.


12. checking latch_loops (0)
----------------------------
 There are 0 combinational latch loops in the design through latch input



------------------------------------------------------------------------------------------------
| Design Timing Summary
| ---------------------
------------------------------------------------------------------------------------------------

    WNS(ns)      TNS(ns)  TNS Failing Endpoints  TNS Total Endpoints      WHS(ns)      THS(ns)  THS Failing Endpoints  THS Total Endpoints     WPWS(ns)     TPWS(ns)  TPWS Failing Endpoints  TPWS Total Endpoints  
    -------      -------  ---------------------  -------------------      -------      -------  ---------------------  -------------------     --------     --------  ----------------------  --------------------  
      1.425        0.000                      0                   83        0.168        0.000                      0                   83        1.500        0.000                       0                    69  


All user specified timing constraints are met.


------------------------------------------------------------------------------------------------
| Clock Summary
| -------------
------------------------------------------------------------------------------------------------

Clock                 Waveform(ns)         Period(ns)      Frequency(MHz)
-----                 ------------         ----------      --------------
clk                   {0.000 5.000}        10.000          100.000         
  clk_out1_clk_wiz_0  {0.000 2.000}        4.000           250.000         
  clkfbout_clk_wiz_0  {0.000 5.000}        10.000          100.000         


------------------------------------------------------------------------------------------------
| Intra Clock Table
| -----------------
------------------------------------------------------------------------------------------------

Clock                     WNS(ns)      TNS(ns)  TNS Failing Endpoints  TNS Total Endpoints      WHS(ns)      THS(ns)  THS Failing Endpoints  THS Total Endpoints     WPWS(ns)     TPWS(ns)  TPWS Failing Endpoints  TPWS Total Endpoints  
-----                     -------      -------  ---------------------  -------------------      -------      -------  ---------------------  -------------------     --------     --------  ----------------------  --------------------  
clk                                                                                                                                                                     3.000        0.000                       0                     1  
  clk_out1_clk_wiz_0        1.425        0.000                      0                   83        0.168        0.000                      0                   83        1.500        0.000                       0                    65  
  clkfbout_clk_wiz_0                                                                                                                                                    7.845        0.000                       0                     3  


------------------------------------------------------------------------------------------------
| Inter Clock Table
| -----------------
------------------------------------------------------------------------------------------------

From Clock    To Clock          WNS(ns)      TNS(ns)  TNS Failing Endpoints  TNS Total Endpoints      WHS(ns)      THS(ns)  THS Failing Endpoints  THS Total Endpoints  
----------    --------          -------      -------  ---------------------  -------------------      -------      -------  ---------------------  -------------------  


------------------------------------------------------------------------------------------------
| Other Path Groups Table
| -----------------------
------------------------------------------------------------------------------------------------

Path Group    From Clock    To Clock          WNS(ns)      TNS(ns)  TNS Failing Endpoints  TNS Total Endpoints      WHS(ns)      THS(ns)  THS Failing Endpoints  THS Total Endpoints  
----------    ----------    --------          -------      -------  ---------------------  -------------------      -------      -------  ---------------------  -------------------  


------------------------------------------------------------------------------------------------
| User Ignored Path Table
| -----------------------
------------------------------------------------------------------------------------------------

Path Group    From Clock    To Clock    
----------    ----------    --------    


------------------------------------------------------------------------------------------------
| Unconstrained Path Table
| ------------------------
------------------------------------------------------------------------------------------------

Path Group          From Clock          To Clock          
----------          ----------          --------          
(none)                                                      
(none)              clk_out1_clk_wiz_0                      
(none)              clkfbout_clk_wiz_0                      
(none)                                  clk_out1_clk_wiz_0  


------------------------------------------------------------------------------------------------
| Timing Details
| --------------
------------------------------------------------------------------------------------------------


---------------------------------------------------------------------------------------------------
From Clock:  clk
  To Clock:  clk

Setup :           NA  Failing Endpoints,  Worst Slack           NA  ,  Total Violation           NA
Hold  :           NA  Failing Endpoints,  Worst Slack           NA  ,  Total Violation           NA
PW    :            0  Failing Endpoints,  Worst Slack        3.000ns,  Total Violation        0.000ns
---------------------------------------------------------------------------------------------------


Pulse Width Checks
--------------------------------------------------------------------------------------
Clock Name:         clk
Waveform(ns):       { 0.000 5.000 }
Period(ns):         10.000
Sources:            { clk }

Check Type        Corner  Lib Pin            Reference Pin  Required(ns)  Actual(ns)  Slack(ns)  Location         Pin
Min Period        n/a     MMCME2_ADV/CLKIN1  n/a            1.249         10.000      8.751      MMCME2_ADV_X1Y2  clk_wiz/inst/mmcm_adv_inst/CLKIN1
Max Period        n/a     MMCME2_ADV/CLKIN1  n/a            100.000       10.000      90.000     MMCME2_ADV_X1Y2  clk_wiz/inst/mmcm_adv_inst/CLKIN1
Low Pulse Width   Slow    MMCME2_ADV/CLKIN1  n/a            2.000         5.000       3.000      MMCME2_ADV_X1Y2  clk_wiz/inst/mmcm_adv_inst/CLKIN1
Low Pulse Width   Fast    MMCME2_ADV/CLKIN1  n/a            2.000         5.000       3.000      MMCME2_ADV_X1Y2  clk_wiz/inst/mmcm_adv_inst/CLKIN1
High Pulse Width  Slow    MMCME2_ADV/CLKIN1  n/a            2.000         5.000       3.000      MMCME2_ADV_X1Y2  clk_wiz/inst/mmcm_adv_inst/CLKIN1
High Pulse Width  Fast    MMCME2_ADV/CLKIN1  n/a            2.000         5.000       3.000      MMCME2_ADV_X1Y2  clk_wiz/inst/mmcm_adv_inst/CLKIN1



---------------------------------------------------------------------------------------------------
From Clock:  clk_out1_clk_wiz_0
  To Clock:  clk_out1_clk_wiz_0

Setup :            0  Failing Endpoints,  Worst Slack        1.425ns,  Total Violation        0.000ns
Hold  :            0  Failing Endpoints,  Worst Slack        0.168ns,  Total Violation        0.000ns
PW    :            0  Failing Endpoints,  Worst Slack        1.500ns,  Total Violation        0.000ns
---------------------------------------------------------------------------------------------------


Max Delay Paths
--------------------------------------------------------------------------------------
Slack (MET) :             1.425ns  (required time - arrival time)
  Source:                 gen/serialize_ch1/TMDS_mod10_reg[2]/C
                            (rising edge-triggered cell FDRE clocked by clk_out1_clk_wiz_0  {rise@0.000ns fall@2.000ns period=4.000ns})
  Destination:            gen/serialize_ch1/TMDS_mod10_reg[0]/R
                            (rising edge-triggered cell FDRE clocked by clk_out1_clk_wiz_0  {rise@0.000ns fall@2.000ns period=4.000ns})
  Path Group:             clk_out1_clk_wiz_0
  Path Type:              Setup (Max at Slow Process Corner)
  Requirement:            4.000ns  (clk_out1_clk_wiz_0 rise@4.000ns - clk_out1_clk_wiz_0 rise@0.000ns)
  Data Path Delay:        2.081ns  (logic 0.580ns (27.871%)  route 1.501ns (72.129%))
  Logic Levels:           1  (LUT4=1)
  Clock Path Skew:        0.000ns (DCD - SCD + CPR)
    Destination Clock Delay (DCD):    -1.524ns = ( 2.476 - 4.000 ) 
    Source Clock Delay      (SCD):    -0.923ns
    Clock Pessimism Removal (CPR):    0.601ns
  Clock Uncertainty:      0.065ns  ((TSJ^2 + DJ^2)^1/2) / 2 + PE
    Total System Jitter     (TSJ):    0.071ns
    Discrete Jitter          (DJ):    0.110ns
    Phase Error              (PE):    0.000ns

    Location             Delay type                Incr(ns)  Path(ns)    Netlist Resource(s)
  -------------------------------------------------------------------    -------------------
                         (clock clk_out1_clk_wiz_0 rise edge)
                                                      0.000     0.000 r  
    E3                                                0.000     0.000 r  clk (IN)
                         net (fo=0)                   0.000     0.000    clk_wiz/inst/clk_in1
    E3                   IBUF (Prop_ibuf_I_O)         1.482     1.482 r  clk_wiz/inst/clkin1_ibufg/O
                         net (fo=1, routed)           1.233     2.715    clk_wiz/inst/clk_in1_clk_wiz_0
    MMCME2_ADV_X1Y2      MMCME2_ADV (Prop_mmcme2_adv_CLKIN1_CLKOUT0)
                                                     -7.070    -4.355 r  clk_wiz/inst/mmcm_adv_inst/CLKOUT0
                         net (fo=1, routed)           1.719    -2.636    clk_wiz/inst/clk_out1_clk_wiz_0
    BUFGCTRL_X0Y16       BUFG (Prop_bufg_I_O)         0.096    -2.540 r  clk_wiz/inst/clkout1_buf/O
                         net (fo=63, routed)          1.617    -0.923    gen/serialize_ch1/clk_out1
    SLICE_X9Y129         FDRE                                         r  gen/serialize_ch1/TMDS_mod10_reg[2]/C
  -------------------------------------------------------------------    -------------------
    SLICE_X9Y129         FDRE (Prop_fdre_C_Q)         0.456    -0.467 f  gen/serialize_ch1/TMDS_mod10_reg[2]/Q
                         net (fo=3, routed)           0.867     0.400    gen/serialize_ch1_n_2
    SLICE_X9Y129         LUT4 (Prop_lut4_I0_O)        0.124     0.524 r  gen/serialize_ch1//O
                         net (fo=5, routed)           0.634     1.158    gen/serialize_ch1/SR[0]
    SLICE_X9Y129         FDRE                                         r  gen/serialize_ch1/TMDS_mod10_reg[0]/R
  -------------------------------------------------------------------    -------------------

                         (clock clk_out1_clk_wiz_0 rise edge)
                                                      4.000     4.000 r  
    E3                                                0.000     4.000 r  clk (IN)
                         net (fo=0)                   0.000     4.000    clk_wiz/inst/clk_in1
    E3                   IBUF (Prop_ibuf_I_O)         1.411     5.411 r  clk_wiz/inst/clkin1_ibufg/O
                         net (fo=1, routed)           1.162     6.573    clk_wiz/inst/clk_in1_clk_wiz_0
    MMCME2_ADV_X1Y2      MMCME2_ADV (Prop_mmcme2_adv_CLKIN1_CLKOUT0)
                                                     -7.324    -0.751 r  clk_wiz/inst/mmcm_adv_inst/CLKOUT0
                         net (fo=1, routed)           1.639     0.888    clk_wiz/inst/clk_out1_clk_wiz_0
    BUFGCTRL_X0Y16       BUFG (Prop_bufg_I_O)         0.091     0.979 r  clk_wiz/inst/clkout1_buf/O
                         net (fo=63, routed)          1.497     2.476    gen/serialize_ch1/clk_out1
    SLICE_X9Y129         FDRE                                         r  gen/serialize_ch1/TMDS_mod10_reg[0]/C
                         clock pessimism              0.601     3.077    
                         clock uncertainty           -0.065     3.011    
    SLICE_X9Y129         FDRE (Setup_fdre_C_R)       -0.429     2.582    gen/serialize_ch1/TMDS_mod10_reg[0]
  -------------------------------------------------------------------
                         required time                          2.582    
                         arrival time                          -1.158    
  -------------------------------------------------------------------
                         slack                                  1.425    

Slack (MET) :             1.425ns  (required time - arrival time)
  Source:                 gen/serialize_ch1/TMDS_mod10_reg[2]/C
                            (rising edge-triggered cell FDRE clocked by clk_out1_clk_wiz_0  {rise@0.000ns fall@2.000ns period=4.000ns})
  Destination:            gen/serialize_ch1/TMDS_mod10_reg[1]/R
                            (rising edge-triggered cell FDRE clocked by clk_out1_clk_wiz_0  {rise@0.000ns fall@2.000ns period=4.000ns})
  Path Group:             clk_out1_clk_wiz_0
  Path Type:              Setup (Max at Slow Process Corner)
  Requirement:            4.000ns  (clk_out1_clk_wiz_0 rise@4.000ns - clk_out1_clk_wiz_0 rise@0.000ns)
  Data Path Delay:        2.081ns  (logic 0.580ns (27.871%)  route 1.501ns (72.129%))
  Logic Levels:           1  (LUT4=1)
  Clock Path Skew:        0.000ns (DCD - SCD + CPR)
    Destination Clock Delay (DCD):    -1.524ns = ( 2.476 - 4.000 ) 
    Source Clock Delay      (SCD):    -0.923ns
    Clock Pessimism Removal (CPR):    0.601ns
  Clock Uncertainty:      0.065ns  ((TSJ^2 + DJ^2)^1/2) / 2 + PE
    Total System Jitter     (TSJ):    0.071ns
    Discrete Jitter          (DJ):    0.110ns
    Phase Error              (PE):    0.000ns

    Location             Delay type                Incr(ns)  Path(ns)    Netlist Resource(s)
  -------------------------------------------------------------------    -------------------
                         (clock clk_out1_clk_wiz_0 rise edge)
                                                      0.000     0.000 r  
    E3                                                0.000     0.000 r  clk (IN)
                         net (fo=0)                   0.000     0.000    clk_wiz/inst/clk_in1
    E3                   IBUF (Prop_ibuf_I_O)         1.482     1.482 r  clk_wiz/inst/clkin1_ibufg/O
                         net (fo=1, routed)           1.233     2.715    clk_wiz/inst/clk_in1_clk_wiz_0
    MMCME2_ADV_X1Y2      MMCME2_ADV (Prop_mmcme2_adv_CLKIN1_CLKOUT0)
                                                     -7.070    -4.355 r  clk_wiz/inst/mmcm_adv_inst/CLKOUT0
                         net (fo=1, routed)           1.719    -2.636    clk_wiz/inst/clk_out1_clk_wiz_0
    BUFGCTRL_X0Y16       BUFG (Prop_bufg_I_O)         0.096    -2.540 r  clk_wiz/inst/clkout1_buf/O
                         net (fo=63, routed)          1.617    -0.923    gen/serialize_ch1/clk_out1
    SLICE_X9Y129         FDRE                                         r  gen/serialize_ch1/TMDS_mod10_reg[2]/C
  -------------------------------------------------------------------    -------------------
    SLICE_X9Y129         FDRE (Prop_fdre_C_Q)         0.456    -0.467 f  gen/serialize_ch1/TMDS_mod10_reg[2]/Q
                         net (fo=3, routed)           0.867     0.400    gen/serialize_ch1_n_2
    SLICE_X9Y129         LUT4 (Prop_lut4_I0_O)        0.124     0.524 r  gen/serialize_ch1//O
                         net (fo=5, routed)           0.634     1.158    gen/serialize_ch1/SR[0]
    SLICE_X9Y129         FDRE                                         r  gen/serialize_ch1/TMDS_mod10_reg[1]/R
  -------------------------------------------------------------------    -------------------

                         (clock clk_out1_clk_wiz_0 rise edge)
                                                      4.000     4.000 r  
    E3                                                0.000     4.000 r  clk (IN)
                         net (fo=0)                   0.000     4.000    clk_wiz/inst/clk_in1
    E3                   IBUF (Prop_ibuf_I_O)         1.411     5.411 r  clk_wiz/inst/clkin1_ibufg/O
                         net (fo=1, routed)           1.162     6.573    clk_wiz/inst/clk_in1_clk_wiz_0
    MMCME2_ADV_X1Y2      MMCME2_ADV (Prop_mmcme2_adv_CLKIN1_CLKOUT0)
                                                     -7.324    -0.751 r  clk_wiz/inst/mmcm_adv_inst/CLKOUT0
                         net (fo=1, routed)           1.639     0.888    clk_wiz/inst/clk_out1_clk_wiz_0
    BUFGCTRL_X0Y16       BUFG (Prop_bufg_I_O)         0.091     0.979 r  clk_wiz/inst/clkout1_buf/O
                         net (fo=63, routed)          1.497     2.476    gen/serialize_ch1/clk_out1
    SLICE_X9Y129         FDRE                                         r  gen/serialize_ch1/TMDS_mod10_reg[1]/C
                         clock pessimism              0.601     3.077    
                         clock uncertainty           -0.065     3.011    
    SLICE_X9Y129         FDRE (Setup_fdre_C_R)       -0.429     2.582    gen/serialize_ch1/TMDS_mod10_reg[1]
  -------------------------------------------------------------------
                         required time                          2.582    
                         arrival time                          -1.158    
  -------------------------------------------------------------------
                         slack                                  1.425    

Slack (MET) :             1.425ns  (required time - arrival time)
  Source:                 gen/serialize_ch1/TMDS_mod10_reg[2]/C
                            (rising edge-triggered cell FDRE clocked by clk_out1_clk_wiz_0  {rise@0.000ns fall@2.000ns period=4.000ns})
  Destination:            gen/serialize_ch1/TMDS_mod10_reg[2]/R
                            (rising edge-triggered cell FDRE clocked by clk_out1_clk_wiz_0  {rise@0.000ns fall@2.000ns period=4.000ns})
  Path Group:             clk_out1_clk_wiz_0
  Path Type:              Setup (Max at Slow Process Corner)
  Requirement:            4.000ns  (clk_out1_clk_wiz_0 rise@4.000ns - clk_out1_clk_wiz_0 rise@0.000ns)
  Data Path Delay:        2.081ns  (logic 0.580ns (27.871%)  route 1.501ns (72.129%))
  Logic Levels:           1  (LUT4=1)
  Clock Path Skew:        0.000ns (DCD - SCD + CPR)
    Destination Clock Delay (DCD):    -1.524ns = ( 2.476 - 4.000 ) 
    Source Clock Delay      (SCD):    -0.923ns
    Clock Pessimism Removal (CPR):    0.601ns
  Clock Uncertainty:      0.065ns  ((TSJ^2 + DJ^2)^1/2) / 2 + PE
    Total System Jitter     (TSJ):    0.071ns
    Discrete Jitter          (DJ):    0.110ns
    Phase Error              (PE):    0.000ns

    Location             Delay type                Incr(ns)  Path(ns)    Netlist Resource(s)
  -------------------------------------------------------------------    -------------------
                         (clock clk_out1_clk_wiz_0 rise edge)
                                                      0.000     0.000 r  
    E3                                                0.000     0.000 r  clk (IN)
                         net (fo=0)                   0.000     0.000    clk_wiz/inst/clk_in1
    E3                   IBUF (Prop_ibuf_I_O)         1.482     1.482 r  clk_wiz/inst/clkin1_ibufg/O
                         net (fo=1, routed)           1.233     2.715    clk_wiz/inst/clk_in1_clk_wiz_0
    MMCME2_ADV_X1Y2      MMCME2_ADV (Prop_mmcme2_adv_CLKIN1_CLKOUT0)
                                                     -7.070    -4.355 r  clk_wiz/inst/mmcm_adv_inst/CLKOUT0
                         net (fo=1, routed)           1.719    -2.636    clk_wiz/inst/clk_out1_clk_wiz_0
    BUFGCTRL_X0Y16       BUFG (Prop_bufg_I_O)         0.096    -2.540 r  clk_wiz/inst/clkout1_buf/O
                         net (fo=63, routed)          1.617    -0.923    gen/serialize_ch1/clk_out1
    SLICE_X9Y129         FDRE                                         r  gen/serialize_ch1/TMDS_mod10_reg[2]/C
  -------------------------------------------------------------------    -------------------
    SLICE_X9Y129         FDRE (Prop_fdre_C_Q)         0.456    -0.467 f  gen/serialize_ch1/TMDS_mod10_reg[2]/Q
                         net (fo=3, routed)           0.867     0.400    gen/serialize_ch1_n_2
    SLICE_X9Y129         LUT4 (Prop_lut4_I0_O)        0.124     0.524 r  gen/serialize_ch1//O
                         net (fo=5, routed)           0.634     1.158    gen/serialize_ch1/SR[0]
    SLICE_X9Y129         FDRE                                         r  gen/serialize_ch1/TMDS_mod10_reg[2]/R
  -------------------------------------------------------------------    -------------------

                         (clock clk_out1_clk_wiz_0 rise edge)
                                                      4.000     4.000 r  
    E3                                                0.000     4.000 r  clk (IN)
                         net (fo=0)                   0.000     4.000    clk_wiz/inst/clk_in1
    E3                   IBUF (Prop_ibuf_I_O)         1.411     5.411 r  clk_wiz/inst/clkin1_ibufg/O
                         net (fo=1, routed)           1.162     6.573    clk_wiz/inst/clk_in1_clk_wiz_0
    MMCME2_ADV_X1Y2      MMCME2_ADV (Prop_mmcme2_adv_CLKIN1_CLKOUT0)
                                                     -7.324    -0.751 r  clk_wiz/inst/mmcm_adv_inst/CLKOUT0
                         net (fo=1, routed)           1.639     0.888    clk_wiz/inst/clk_out1_clk_wiz_0
    BUFGCTRL_X0Y16       BUFG (Prop_bufg_I_O)         0.091     0.979 r  clk_wiz/inst/clkout1_buf/O
                         net (fo=63, routed)          1.497     2.476    gen/serialize_ch1/clk_out1
    SLICE_X9Y129         FDRE                                         r  gen/serialize_ch1/TMDS_mod10_reg[2]/C
                         clock pessimism              0.601     3.077    
                         clock uncertainty           -0.065     3.011    
    SLICE_X9Y129         FDRE (Setup_fdre_C_R)       -0.429     2.582    gen/serialize_ch1/TMDS_mod10_reg[2]
  -------------------------------------------------------------------
                         required time                          2.582    
                         arrival time                          -1.158    
  -------------------------------------------------------------------
                         slack                                  1.425    

Slack (MET) :             1.425ns  (required time - arrival time)
  Source:                 gen/serialize_ch1/TMDS_mod10_reg[2]/C
                            (rising edge-triggered cell FDRE clocked by clk_out1_clk_wiz_0  {rise@0.000ns fall@2.000ns period=4.000ns})
  Destination:            gen/serialize_ch1/TMDS_mod10_reg[3]/R
                            (rising edge-triggered cell FDRE clocked by clk_out1_clk_wiz_0  {rise@0.000ns fall@2.000ns period=4.000ns})
  Path Group:             clk_out1_clk_wiz_0
  Path Type:              Setup (Max at Slow Process Corner)
  Requirement:            4.000ns  (clk_out1_clk_wiz_0 rise@4.000ns - clk_out1_clk_wiz_0 rise@0.000ns)
  Data Path Delay:        2.081ns  (logic 0.580ns (27.871%)  route 1.501ns (72.129%))
  Logic Levels:           1  (LUT4=1)
  Clock Path Skew:        0.000ns (DCD - SCD + CPR)
    Destination Clock Delay (DCD):    -1.524ns = ( 2.476 - 4.000 ) 
    Source Clock Delay      (SCD):    -0.923ns
    Clock Pessimism Removal (CPR):    0.601ns
  Clock Uncertainty:      0.065ns  ((TSJ^2 + DJ^2)^1/2) / 2 + PE
    Total System Jitter     (TSJ):    0.071ns
    Discrete Jitter          (DJ):    0.110ns
    Phase Error              (PE):    0.000ns

    Location             Delay type                Incr(ns)  Path(ns)    Netlist Resource(s)
  -------------------------------------------------------------------    -------------------
                         (clock clk_out1_clk_wiz_0 rise edge)
                                                      0.000     0.000 r  
    E3                                                0.000     0.000 r  clk (IN)
                         net (fo=0)                   0.000     0.000    clk_wiz/inst/clk_in1
    E3                   IBUF (Prop_ibuf_I_O)         1.482     1.482 r  clk_wiz/inst/clkin1_ibufg/O
                         net (fo=1, routed)           1.233     2.715    clk_wiz/inst/clk_in1_clk_wiz_0
    MMCME2_ADV_X1Y2      MMCME2_ADV (Prop_mmcme2_adv_CLKIN1_CLKOUT0)
                                                     -7.070    -4.355 r  clk_wiz/inst/mmcm_adv_inst/CLKOUT0
                         net (fo=1, routed)           1.719    -2.636    clk_wiz/inst/clk_out1_clk_wiz_0
    BUFGCTRL_X0Y16       BUFG (Prop_bufg_I_O)         0.096    -2.540 r  clk_wiz/inst/clkout1_buf/O
                         net (fo=63, routed)          1.617    -0.923    gen/serialize_ch1/clk_out1
    SLICE_X9Y129         FDRE                                         r  gen/serialize_ch1/TMDS_mod10_reg[2]/C
  -------------------------------------------------------------------    -------------------
    SLICE_X9Y129         FDRE (Prop_fdre_C_Q)         0.456    -0.467 f  gen/serialize_ch1/TMDS_mod10_reg[2]/Q
                         net (fo=3, routed)           0.867     0.400    gen/serialize_ch1_n_2
    SLICE_X9Y129         LUT4 (Prop_lut4_I0_O)        0.124     0.524 r  gen/serialize_ch1//O
                         net (fo=5, routed)           0.634     1.158    gen/serialize_ch1/SR[0]
    SLICE_X9Y129         FDRE                                         r  gen/serialize_ch1/TMDS_mod10_reg[3]/R
  -------------------------------------------------------------------    -------------------

                         (clock clk_out1_clk_wiz_0 rise edge)
                                                      4.000     4.000 r  
    E3                                                0.000     4.000 r  clk (IN)
                         net (fo=0)                   0.000     4.000    clk_wiz/inst/clk_in1
    E3                   IBUF (Prop_ibuf_I_O)         1.411     5.411 r  clk_wiz/inst/clkin1_ibufg/O
                         net (fo=1, routed)           1.162     6.573    clk_wiz/inst/clk_in1_clk_wiz_0
    MMCME2_ADV_X1Y2      MMCME2_ADV (Prop_mmcme2_adv_CLKIN1_CLKOUT0)
                                                     -7.324    -0.751 r  clk_wiz/inst/mmcm_adv_inst/CLKOUT0
                         net (fo=1, routed)           1.639     0.888    clk_wiz/inst/clk_out1_clk_wiz_0
    BUFGCTRL_X0Y16       BUFG (Prop_bufg_I_O)         0.091     0.979 r  clk_wiz/inst/clkout1_buf/O
                         net (fo=63, routed)          1.497     2.476    gen/serialize_ch1/clk_out1
    SLICE_X9Y129         FDRE                                         r  gen/serialize_ch1/TMDS_mod10_reg[3]/C
                         clock pessimism              0.601     3.077    
                         clock uncertainty           -0.065     3.011    
    SLICE_X9Y129         FDRE (Setup_fdre_C_R)       -0.429     2.582    gen/serialize_ch1/TMDS_mod10_reg[3]
  -------------------------------------------------------------------
                         required time                          2.582    
                         arrival time                          -1.158    
  -------------------------------------------------------------------
                         slack                                  1.425    

Slack (MET) :             1.460ns  (required time - arrival time)
  Source:                 gen/serialize_chc/TMDS_mod10_reg[2]/C
                            (rising edge-triggered cell FDRE clocked by clk_out1_clk_wiz_0  {rise@0.000ns fall@2.000ns period=4.000ns})
  Destination:            gen/serialize_chc/TMDS_mod10_reg[0]/R
                            (rising edge-triggered cell FDRE clocked by clk_out1_clk_wiz_0  {rise@0.000ns fall@2.000ns period=4.000ns})
  Path Group:             clk_out1_clk_wiz_0
  Path Type:              Setup (Max at Slow Process Corner)
  Requirement:            4.000ns  (clk_out1_clk_wiz_0 rise@4.000ns - clk_out1_clk_wiz_0 rise@0.000ns)
  Data Path Delay:        2.045ns  (logic 0.580ns (28.355%)  route 1.465ns (71.645%))
  Logic Levels:           1  (LUT4=1)
  Clock Path Skew:        0.000ns (DCD - SCD + CPR)
    Destination Clock Delay (DCD):    -1.443ns = ( 2.557 - 4.000 ) 
    Source Clock Delay      (SCD):    -0.844ns
    Clock Pessimism Removal (CPR):    0.599ns
  Clock Uncertainty:      0.065ns  ((TSJ^2 + DJ^2)^1/2) / 2 + PE
    Total System Jitter     (TSJ):    0.071ns
    Discrete Jitter          (DJ):    0.110ns
    Phase Error              (PE):    0.000ns

    Location             Delay type                Incr(ns)  Path(ns)    Netlist Resource(s)
  -------------------------------------------------------------------    -------------------
                         (clock clk_out1_clk_wiz_0 rise edge)
                                                      0.000     0.000 r  
    E3                                                0.000     0.000 r  clk (IN)
                         net (fo=0)                   0.000     0.000    clk_wiz/inst/clk_in1
    E3                   IBUF (Prop_ibuf_I_O)         1.482     1.482 r  clk_wiz/inst/clkin1_ibufg/O
                         net (fo=1, routed)           1.233     2.715    clk_wiz/inst/clk_in1_clk_wiz_0
    MMCME2_ADV_X1Y2      MMCME2_ADV (Prop_mmcme2_adv_CLKIN1_CLKOUT0)
                                                     -7.070    -4.355 r  clk_wiz/inst/mmcm_adv_inst/CLKOUT0
                         net (fo=1, routed)           1.719    -2.636    clk_wiz/inst/clk_out1_clk_wiz_0
    BUFGCTRL_X0Y16       BUFG (Prop_bufg_I_O)         0.096    -2.540 r  clk_wiz/inst/clkout1_buf/O
                         net (fo=63, routed)          1.696    -0.844    gen/serialize_chc/clk_out1
    SLICE_X0Y120         FDRE                                         r  gen/serialize_chc/TMDS_mod10_reg[2]/C
  -------------------------------------------------------------------    -------------------
    SLICE_X0Y120         FDRE (Prop_fdre_C_Q)         0.456    -0.388 f  gen/serialize_chc/TMDS_mod10_reg[2]/Q
                         net (fo=3, routed)           0.872     0.484    gen/serialize_chc_n_2
    SLICE_X0Y120         LUT4 (Prop_lut4_I0_O)        0.124     0.608 r  gen/serialize_chc//O
                         net (fo=5, routed)           0.593     1.201    gen/serialize_chc/SR[0]
    SLICE_X0Y120         FDRE                                         r  gen/serialize_chc/TMDS_mod10_reg[0]/R
  -------------------------------------------------------------------    -------------------

                         (clock clk_out1_clk_wiz_0 rise edge)
                                                      4.000     4.000 r  
    E3                                                0.000     4.000 r  clk (IN)
                         net (fo=0)                   0.000     4.000    clk_wiz/inst/clk_in1
    E3                   IBUF (Prop_ibuf_I_O)         1.411     5.411 r  clk_wiz/inst/clkin1_ibufg/O
                         net (fo=1, routed)           1.162     6.573    clk_wiz/inst/clk_in1_clk_wiz_0
    MMCME2_ADV_X1Y2      MMCME2_ADV (Prop_mmcme2_adv_CLKIN1_CLKOUT0)
                                                     -7.324    -0.751 r  clk_wiz/inst/mmcm_adv_inst/CLKOUT0
                         net (fo=1, routed)           1.639     0.888    clk_wiz/inst/clk_out1_clk_wiz_0
    BUFGCTRL_X0Y16       BUFG (Prop_bufg_I_O)         0.091     0.979 r  clk_wiz/inst/clkout1_buf/O
                         net (fo=63, routed)          1.578     2.557    gen/serialize_chc/clk_out1
    SLICE_X0Y120         FDRE                                         r  gen/serialize_chc/TMDS_mod10_reg[0]/C
                         clock pessimism              0.599     3.156    
                         clock uncertainty           -0.065     3.090    
    SLICE_X0Y120         FDRE (Setup_fdre_C_R)       -0.429     2.661    gen/serialize_chc/TMDS_mod10_reg[0]
  -------------------------------------------------------------------
                         required time                          2.661    
                         arrival time                          -1.201    
  -------------------------------------------------------------------
                         slack                                  1.460    

Slack (MET) :             1.460ns  (required time - arrival time)
  Source:                 gen/serialize_chc/TMDS_mod10_reg[2]/C
                            (rising edge-triggered cell FDRE clocked by clk_out1_clk_wiz_0  {rise@0.000ns fall@2.000ns period=4.000ns})
  Destination:            gen/serialize_chc/TMDS_mod10_reg[1]/R
                            (rising edge-triggered cell FDRE clocked by clk_out1_clk_wiz_0  {rise@0.000ns fall@2.000ns period=4.000ns})
  Path Group:             clk_out1_clk_wiz_0
  Path Type:              Setup (Max at Slow Process Corner)
  Requirement:            4.000ns  (clk_out1_clk_wiz_0 rise@4.000ns - clk_out1_clk_wiz_0 rise@0.000ns)
  Data Path Delay:        2.045ns  (logic 0.580ns (28.355%)  route 1.465ns (71.645%))
  Logic Levels:           1  (LUT4=1)
  Clock Path Skew:        0.000ns (DCD - SCD + CPR)
    Destination Clock Delay (DCD):    -1.443ns = ( 2.557 - 4.000 ) 
    Source Clock Delay      (SCD):    -0.844ns
    Clock Pessimism Removal (CPR):    0.599ns
  Clock Uncertainty:      0.065ns  ((TSJ^2 + DJ^2)^1/2) / 2 + PE
    Total System Jitter     (TSJ):    0.071ns
    Discrete Jitter          (DJ):    0.110ns
    Phase Error              (PE):    0.000ns

    Location             Delay type                Incr(ns)  Path(ns)    Netlist Resource(s)
  -------------------------------------------------------------------    -------------------
                         (clock clk_out1_clk_wiz_0 rise edge)
                                                      0.000     0.000 r  
    E3                                                0.000     0.000 r  clk (IN)
                         net (fo=0)                   0.000     0.000    clk_wiz/inst/clk_in1
    E3                   IBUF (Prop_ibuf_I_O)         1.482     1.482 r  clk_wiz/inst/clkin1_ibufg/O
                         net (fo=1, routed)           1.233     2.715    clk_wiz/inst/clk_in1_clk_wiz_0
    MMCME2_ADV_X1Y2      MMCME2_ADV (Prop_mmcme2_adv_CLKIN1_CLKOUT0)
                                                     -7.070    -4.355 r  clk_wiz/inst/mmcm_adv_inst/CLKOUT0
                         net (fo=1, routed)           1.719    -2.636    clk_wiz/inst/clk_out1_clk_wiz_0
    BUFGCTRL_X0Y16       BUFG (Prop_bufg_I_O)         0.096    -2.540 r  clk_wiz/inst/clkout1_buf/O
                         net (fo=63, routed)          1.696    -0.844    gen/serialize_chc/clk_out1
    SLICE_X0Y120         FDRE                                         r  gen/serialize_chc/TMDS_mod10_reg[2]/C
  -------------------------------------------------------------------    -------------------
    SLICE_X0Y120         FDRE (Prop_fdre_C_Q)         0.456    -0.388 f  gen/serialize_chc/TMDS_mod10_reg[2]/Q
                         net (fo=3, routed)           0.872     0.484    gen/serialize_chc_n_2
    SLICE_X0Y120         LUT4 (Prop_lut4_I0_O)        0.124     0.608 r  gen/serialize_chc//O
                         net (fo=5, routed)           0.593     1.201    gen/serialize_chc/SR[0]
    SLICE_X0Y120         FDRE                                         r  gen/serialize_chc/TMDS_mod10_reg[1]/R
  -------------------------------------------------------------------    -------------------

                         (clock clk_out1_clk_wiz_0 rise edge)
                                                      4.000     4.000 r  
    E3                                                0.000     4.000 r  clk (IN)
                         net (fo=0)                   0.000     4.000    clk_wiz/inst/clk_in1
    E3                   IBUF (Prop_ibuf_I_O)         1.411     5.411 r  clk_wiz/inst/clkin1_ibufg/O
                         net (fo=1, routed)           1.162     6.573    clk_wiz/inst/clk_in1_clk_wiz_0
    MMCME2_ADV_X1Y2      MMCME2_ADV (Prop_mmcme2_adv_CLKIN1_CLKOUT0)
                                                     -7.324    -0.751 r  clk_wiz/inst/mmcm_adv_inst/CLKOUT0
                         net (fo=1, routed)           1.639     0.888    clk_wiz/inst/clk_out1_clk_wiz_0
    BUFGCTRL_X0Y16       BUFG (Prop_bufg_I_O)         0.091     0.979 r  clk_wiz/inst/clkout1_buf/O
                         net (fo=63, routed)          1.578     2.557    gen/serialize_chc/clk_out1
    SLICE_X0Y120         FDRE                                         r  gen/serialize_chc/TMDS_mod10_reg[1]/C
                         clock pessimism              0.599     3.156    
                         clock uncertainty           -0.065     3.090    
    SLICE_X0Y120         FDRE (Setup_fdre_C_R)       -0.429     2.661    gen/serialize_chc/TMDS_mod10_reg[1]
  -------------------------------------------------------------------
                         required time                          2.661    
                         arrival time                          -1.201    
  -------------------------------------------------------------------
                         slack                                  1.460    

Slack (MET) :             1.460ns  (required time - arrival time)
  Source:                 gen/serialize_chc/TMDS_mod10_reg[2]/C
                            (rising edge-triggered cell FDRE clocked by clk_out1_clk_wiz_0  {rise@0.000ns fall@2.000ns period=4.000ns})
  Destination:            gen/serialize_chc/TMDS_mod10_reg[2]/R
                            (rising edge-triggered cell FDRE clocked by clk_out1_clk_wiz_0  {rise@0.000ns fall@2.000ns period=4.000ns})
  Path Group:             clk_out1_clk_wiz_0
  Path Type:              Setup (Max at Slow Process Corner)
  Requirement:            4.000ns  (clk_out1_clk_wiz_0 rise@4.000ns - clk_out1_clk_wiz_0 rise@0.000ns)
  Data Path Delay:        2.045ns  (logic 0.580ns (28.355%)  route 1.465ns (71.645%))
  Logic Levels:           1  (LUT4=1)
  Clock Path Skew:        0.000ns (DCD - SCD + CPR)
    Destination Clock Delay (DCD):    -1.443ns = ( 2.557 - 4.000 ) 
    Source Clock Delay      (SCD):    -0.844ns
    Clock Pessimism Removal (CPR):    0.599ns
  Clock Uncertainty:      0.065ns  ((TSJ^2 + DJ^2)^1/2) / 2 + PE
    Total System Jitter     (TSJ):    0.071ns
    Discrete Jitter          (DJ):    0.110ns
    Phase Error              (PE):    0.000ns

    Location             Delay type                Incr(ns)  Path(ns)    Netlist Resource(s)
  -------------------------------------------------------------------    -------------------
                         (clock clk_out1_clk_wiz_0 rise edge)
                                                      0.000     0.000 r  
    E3                                                0.000     0.000 r  clk (IN)
                         net (fo=0)                   0.000     0.000    clk_wiz/inst/clk_in1
    E3                   IBUF (Prop_ibuf_I_O)         1.482     1.482 r  clk_wiz/inst/clkin1_ibufg/O
                         net (fo=1, routed)           1.233     2.715    clk_wiz/inst/clk_in1_clk_wiz_0
    MMCME2_ADV_X1Y2      MMCME2_ADV (Prop_mmcme2_adv_CLKIN1_CLKOUT0)
                                                     -7.070    -4.355 r  clk_wiz/inst/mmcm_adv_inst/CLKOUT0
                         net (fo=1, routed)           1.719    -2.636    clk_wiz/inst/clk_out1_clk_wiz_0
    BUFGCTRL_X0Y16       BUFG (Prop_bufg_I_O)         0.096    -2.540 r  clk_wiz/inst/clkout1_buf/O
                         net (fo=63, routed)          1.696    -0.844    gen/serialize_chc/clk_out1
    SLICE_X0Y120         FDRE                                         r  gen/serialize_chc/TMDS_mod10_reg[2]/C
  -------------------------------------------------------------------    -------------------
    SLICE_X0Y120         FDRE (Prop_fdre_C_Q)         0.456    -0.388 f  gen/serialize_chc/TMDS_mod10_reg[2]/Q
                         net (fo=3, routed)           0.872     0.484    gen/serialize_chc_n_2
    SLICE_X0Y120         LUT4 (Prop_lut4_I0_O)        0.124     0.608 r  gen/serialize_chc//O
                         net (fo=5, routed)           0.593     1.201    gen/serialize_chc/SR[0]
    SLICE_X0Y120         FDRE                                         r  gen/serialize_chc/TMDS_mod10_reg[2]/R
  -------------------------------------------------------------------    -------------------

                         (clock clk_out1_clk_wiz_0 rise edge)
                                                      4.000     4.000 r  
    E3                                                0.000     4.000 r  clk (IN)
                         net (fo=0)                   0.000     4.000    clk_wiz/inst/clk_in1
    E3                   IBUF (Prop_ibuf_I_O)         1.411     5.411 r  clk_wiz/inst/clkin1_ibufg/O
                         net (fo=1, routed)           1.162     6.573    clk_wiz/inst/clk_in1_clk_wiz_0
    MMCME2_ADV_X1Y2      MMCME2_ADV (Prop_mmcme2_adv_CLKIN1_CLKOUT0)
                                                     -7.324    -0.751 r  clk_wiz/inst/mmcm_adv_inst/CLKOUT0
                         net (fo=1, routed)           1.639     0.888    clk_wiz/inst/clk_out1_clk_wiz_0
    BUFGCTRL_X0Y16       BUFG (Prop_bufg_I_O)         0.091     0.979 r  clk_wiz/inst/clkout1_buf/O
                         net (fo=63, routed)          1.578     2.557    gen/serialize_chc/clk_out1
    SLICE_X0Y120         FDRE                                         r  gen/serialize_chc/TMDS_mod10_reg[2]/C
                         clock pessimism              0.599     3.156    
                         clock uncertainty           -0.065     3.090    
    SLICE_X0Y120         FDRE (Setup_fdre_C_R)       -0.429     2.661    gen/serialize_chc/TMDS_mod10_reg[2]
  -------------------------------------------------------------------
                         required time                          2.661    
                         arrival time                          -1.201    
  -------------------------------------------------------------------
                         slack                                  1.460    

Slack (MET) :             1.460ns  (required time - arrival time)
  Source:                 gen/serialize_chc/TMDS_mod10_reg[2]/C
                            (rising edge-triggered cell FDRE clocked by clk_out1_clk_wiz_0  {rise@0.000ns fall@2.000ns period=4.000ns})
  Destination:            gen/serialize_chc/TMDS_mod10_reg[3]/R
                            (rising edge-triggered cell FDRE clocked by clk_out1_clk_wiz_0  {rise@0.000ns fall@2.000ns period=4.000ns})
  Path Group:             clk_out1_clk_wiz_0
  Path Type:              Setup (Max at Slow Process Corner)
  Requirement:            4.000ns  (clk_out1_clk_wiz_0 rise@4.000ns - clk_out1_clk_wiz_0 rise@0.000ns)
  Data Path Delay:        2.045ns  (logic 0.580ns (28.355%)  route 1.465ns (71.645%))
  Logic Levels:           1  (LUT4=1)
  Clock Path Skew:        0.000ns (DCD - SCD + CPR)
    Destination Clock Delay (DCD):    -1.443ns = ( 2.557 - 4.000 ) 
    Source Clock Delay      (SCD):    -0.844ns
    Clock Pessimism Removal (CPR):    0.599ns
  Clock Uncertainty:      0.065ns  ((TSJ^2 + DJ^2)^1/2) / 2 + PE
    Total System Jitter     (TSJ):    0.071ns
    Discrete Jitter          (DJ):    0.110ns
    Phase Error              (PE):    0.000ns

    Location             Delay type                Incr(ns)  Path(ns)    Netlist Resource(s)
  -------------------------------------------------------------------    -------------------
                         (clock clk_out1_clk_wiz_0 rise edge)
                                                      0.000     0.000 r  
    E3                                                0.000     0.000 r  clk (IN)
                         net (fo=0)                   0.000     0.000    clk_wiz/inst/clk_in1
    E3                   IBUF (Prop_ibuf_I_O)         1.482     1.482 r  clk_wiz/inst/clkin1_ibufg/O
                         net (fo=1, routed)           1.233     2.715    clk_wiz/inst/clk_in1_clk_wiz_0
    MMCME2_ADV_X1Y2      MMCME2_ADV (Prop_mmcme2_adv_CLKIN1_CLKOUT0)
                                                     -7.070    -4.355 r  clk_wiz/inst/mmcm_adv_inst/CLKOUT0
                         net (fo=1, routed)           1.719    -2.636    clk_wiz/inst/clk_out1_clk_wiz_0
    BUFGCTRL_X0Y16       BUFG (Prop_bufg_I_O)         0.096    -2.540 r  clk_wiz/inst/clkout1_buf/O
                         net (fo=63, routed)          1.696    -0.844    gen/serialize_chc/clk_out1
    SLICE_X0Y120         FDRE                                         r  gen/serialize_chc/TMDS_mod10_reg[2]/C
  -------------------------------------------------------------------    -------------------
    SLICE_X0Y120         FDRE (Prop_fdre_C_Q)         0.456    -0.388 f  gen/serialize_chc/TMDS_mod10_reg[2]/Q
                         net (fo=3, routed)           0.872     0.484    gen/serialize_chc_n_2
    SLICE_X0Y120         LUT4 (Prop_lut4_I0_O)        0.124     0.608 r  gen/serialize_chc//O
                         net (fo=5, routed)           0.593     1.201    gen/serialize_chc/SR[0]
    SLICE_X0Y120         FDRE                                         r  gen/serialize_chc/TMDS_mod10_reg[3]/R
  -------------------------------------------------------------------    -------------------

                         (clock clk_out1_clk_wiz_0 rise edge)
                                                      4.000     4.000 r  
    E3                                                0.000     4.000 r  clk (IN)
                         net (fo=0)                   0.000     4.000    clk_wiz/inst/clk_in1
    E3                   IBUF (Prop_ibuf_I_O)         1.411     5.411 r  clk_wiz/inst/clkin1_ibufg/O
                         net (fo=1, routed)           1.162     6.573    clk_wiz/inst/clk_in1_clk_wiz_0
    MMCME2_ADV_X1Y2      MMCME2_ADV (Prop_mmcme2_adv_CLKIN1_CLKOUT0)
                                                     -7.324    -0.751 r  clk_wiz/inst/mmcm_adv_inst/CLKOUT0
                         net (fo=1, routed)           1.639     0.888    clk_wiz/inst/clk_out1_clk_wiz_0
    BUFGCTRL_X0Y16       BUFG (Prop_bufg_I_O)         0.091     0.979 r  clk_wiz/inst/clkout1_buf/O
                         net (fo=63, routed)          1.578     2.557    gen/serialize_chc/clk_out1
    SLICE_X0Y120         FDRE                                         r  gen/serialize_chc/TMDS_mod10_reg[3]/C
                         clock pessimism              0.599     3.156    
                         clock uncertainty           -0.065     3.090    
    SLICE_X0Y120         FDRE (Setup_fdre_C_R)       -0.429     2.661    gen/serialize_chc/TMDS_mod10_reg[3]
  -------------------------------------------------------------------
                         required time                          2.661    
                         arrival time                          -1.201    
  -------------------------------------------------------------------
                         slack                                  1.460    

Slack (MET) :             1.463ns  (required time - arrival time)
  Source:                 gen/serialize_ch0/TMDS_mod10_reg[2]/C
                            (rising edge-triggered cell FDRE clocked by clk_out1_clk_wiz_0  {rise@0.000ns fall@2.000ns period=4.000ns})
  Destination:            gen/serialize_ch0/TMDS_mod10_reg[0]/R
                            (rising edge-triggered cell FDRE clocked by clk_out1_clk_wiz_0  {rise@0.000ns fall@2.000ns period=4.000ns})
  Path Group:             clk_out1_clk_wiz_0
  Path Type:              Setup (Max at Slow Process Corner)
  Requirement:            4.000ns  (clk_out1_clk_wiz_0 rise@4.000ns - clk_out1_clk_wiz_0 rise@0.000ns)
  Data Path Delay:        1.948ns  (logic 0.642ns (32.964%)  route 1.306ns (67.036%))
  Logic Levels:           1  (LUT4=1)
  Clock Path Skew:        0.000ns (DCD - SCD + CPR)
    Destination Clock Delay (DCD):    -1.438ns = ( 2.562 - 4.000 ) 
    Source Clock Delay      (SCD):    -0.836ns
    Clock Pessimism Removal (CPR):    0.602ns
  Clock Uncertainty:      0.065ns  ((TSJ^2 + DJ^2)^1/2) / 2 + PE
    Total System Jitter     (TSJ):    0.071ns
    Discrete Jitter          (DJ):    0.110ns
    Phase Error              (PE):    0.000ns

    Location             Delay type                Incr(ns)  Path(ns)    Netlist Resource(s)
  -------------------------------------------------------------------    -------------------
                         (clock clk_out1_clk_wiz_0 rise edge)
                                                      0.000     0.000 r  
    E3                                                0.000     0.000 r  clk (IN)
                         net (fo=0)                   0.000     0.000    clk_wiz/inst/clk_in1
    E3                   IBUF (Prop_ibuf_I_O)         1.482     1.482 r  clk_wiz/inst/clkin1_ibufg/O
                         net (fo=1, routed)           1.233     2.715    clk_wiz/inst/clk_in1_clk_wiz_0
    MMCME2_ADV_X1Y2      MMCME2_ADV (Prop_mmcme2_adv_CLKIN1_CLKOUT0)
                                                     -7.070    -4.355 r  clk_wiz/inst/mmcm_adv_inst/CLKOUT0
                         net (fo=1, routed)           1.719    -2.636    clk_wiz/inst/clk_out1_clk_wiz_0
    BUFGCTRL_X0Y16       BUFG (Prop_bufg_I_O)         0.096    -2.540 r  clk_wiz/inst/clkout1_buf/O
                         net (fo=63, routed)          1.704    -0.836    gen/serialize_ch0/clk_out1
    SLICE_X6Y137         FDRE                                         r  gen/serialize_ch0/TMDS_mod10_reg[2]/C
  -------------------------------------------------------------------    -------------------
    SLICE_X6Y137         FDRE (Prop_fdre_C_Q)         0.518    -0.318 f  gen/serialize_ch0/TMDS_mod10_reg[2]/Q
                         net (fo=3, routed)           0.717     0.399    gen/TMDS_mod10[2]
    SLICE_X6Y137         LUT4 (Prop_lut4_I0_O)        0.124     0.523 r  gen/serialize_ch0//O
                         net (fo=5, routed)           0.588     1.111    gen/serialize_ch0/SR[0]
    SLICE_X6Y137         FDRE                                         r  gen/serialize_ch0/TMDS_mod10_reg[0]/R
  -------------------------------------------------------------------    -------------------

                         (clock clk_out1_clk_wiz_0 rise edge)
                                                      4.000     4.000 r  
    E3                                                0.000     4.000 r  clk (IN)
                         net (fo=0)                   0.000     4.000    clk_wiz/inst/clk_in1
    E3                   IBUF (Prop_ibuf_I_O)         1.411     5.411 r  clk_wiz/inst/clkin1_ibufg/O
                         net (fo=1, routed)           1.162     6.573    clk_wiz/inst/clk_in1_clk_wiz_0
    MMCME2_ADV_X1Y2      MMCME2_ADV (Prop_mmcme2_adv_CLKIN1_CLKOUT0)
                                                     -7.324    -0.751 r  clk_wiz/inst/mmcm_adv_inst/CLKOUT0
                         net (fo=1, routed)           1.639     0.888    clk_wiz/inst/clk_out1_clk_wiz_0
    BUFGCTRL_X0Y16       BUFG (Prop_bufg_I_O)         0.091     0.979 r  clk_wiz/inst/clkout1_buf/O
                         net (fo=63, routed)          1.583     2.562    gen/serialize_ch0/clk_out1
    SLICE_X6Y137         FDRE                                         r  gen/serialize_ch0/TMDS_mod10_reg[0]/C
                         clock pessimism              0.602     3.164    
                         clock uncertainty           -0.065     3.098    
    SLICE_X6Y137         FDRE (Setup_fdre_C_R)       -0.524     2.574    gen/serialize_ch0/TMDS_mod10_reg[0]
  -------------------------------------------------------------------
                         required time                          2.574    
                         arrival time                          -1.111    
  -------------------------------------------------------------------
                         slack                                  1.463    

Slack (MET) :             1.463ns  (required time - arrival time)
  Source:                 gen/serialize_ch0/TMDS_mod10_reg[2]/C
                            (rising edge-triggered cell FDRE clocked by clk_out1_clk_wiz_0  {rise@0.000ns fall@2.000ns period=4.000ns})
  Destination:            gen/serialize_ch0/TMDS_mod10_reg[1]/R
                            (rising edge-triggered cell FDRE clocked by clk_out1_clk_wiz_0  {rise@0.000ns fall@2.000ns period=4.000ns})
  Path Group:             clk_out1_clk_wiz_0
  Path Type:              Setup (Max at Slow Process Corner)
  Requirement:            4.000ns  (clk_out1_clk_wiz_0 rise@4.000ns - clk_out1_clk_wiz_0 rise@0.000ns)
  Data Path Delay:        1.948ns  (logic 0.642ns (32.964%)  route 1.306ns (67.036%))
  Logic Levels:           1  (LUT4=1)
  Clock Path Skew:        0.000ns (DCD - SCD + CPR)
    Destination Clock Delay (DCD):    -1.438ns = ( 2.562 - 4.000 ) 
    Source Clock Delay      (SCD):    -0.836ns
    Clock Pessimism Removal (CPR):    0.602ns
  Clock Uncertainty:      0.065ns  ((TSJ^2 + DJ^2)^1/2) / 2 + PE
    Total System Jitter     (TSJ):    0.071ns
    Discrete Jitter          (DJ):    0.110ns
    Phase Error              (PE):    0.000ns

    Location             Delay type                Incr(ns)  Path(ns)    Netlist Resource(s)
  -------------------------------------------------------------------    -------------------
                         (clock clk_out1_clk_wiz_0 rise edge)
                                                      0.000     0.000 r  
    E3                                                0.000     0.000 r  clk (IN)
                         net (fo=0)                   0.000     0.000    clk_wiz/inst/clk_in1
    E3                   IBUF (Prop_ibuf_I_O)         1.482     1.482 r  clk_wiz/inst/clkin1_ibufg/O
                         net (fo=1, routed)           1.233     2.715    clk_wiz/inst/clk_in1_clk_wiz_0
    MMCME2_ADV_X1Y2      MMCME2_ADV (Prop_mmcme2_adv_CLKIN1_CLKOUT0)
                                                     -7.070    -4.355 r  clk_wiz/inst/mmcm_adv_inst/CLKOUT0
                         net (fo=1, routed)           1.719    -2.636    clk_wiz/inst/clk_out1_clk_wiz_0
    BUFGCTRL_X0Y16       BUFG (Prop_bufg_I_O)         0.096    -2.540 r  clk_wiz/inst/clkout1_buf/O
                         net (fo=63, routed)          1.704    -0.836    gen/serialize_ch0/clk_out1
    SLICE_X6Y137         FDRE                                         r  gen/serialize_ch0/TMDS_mod10_reg[2]/C
  -------------------------------------------------------------------    -------------------
    SLICE_X6Y137         FDRE (Prop_fdre_C_Q)         0.518    -0.318 f  gen/serialize_ch0/TMDS_mod10_reg[2]/Q
                         net (fo=3, routed)           0.717     0.399    gen/TMDS_mod10[2]
    SLICE_X6Y137         LUT4 (Prop_lut4_I0_O)        0.124     0.523 r  gen/serialize_ch0//O
                         net (fo=5, routed)           0.588     1.111    gen/serialize_ch0/SR[0]
    SLICE_X6Y137         FDRE                                         r  gen/serialize_ch0/TMDS_mod10_reg[1]/R
  -------------------------------------------------------------------    -------------------

                         (clock clk_out1_clk_wiz_0 rise edge)
                                                      4.000     4.000 r  
    E3                                                0.000     4.000 r  clk (IN)
                         net (fo=0)                   0.000     4.000    clk_wiz/inst/clk_in1
    E3                   IBUF (Prop_ibuf_I_O)         1.411     5.411 r  clk_wiz/inst/clkin1_ibufg/O
                         net (fo=1, routed)           1.162     6.573    clk_wiz/inst/clk_in1_clk_wiz_0
    MMCME2_ADV_X1Y2      MMCME2_ADV (Prop_mmcme2_adv_CLKIN1_CLKOUT0)
                                                     -7.324    -0.751 r  clk_wiz/inst/mmcm_adv_inst/CLKOUT0
                         net (fo=1, routed)           1.639     0.888    clk_wiz/inst/clk_out1_clk_wiz_0
    BUFGCTRL_X0Y16       BUFG (Prop_bufg_I_O)         0.091     0.979 r  clk_wiz/inst/clkout1_buf/O
                         net (fo=63, routed)          1.583     2.562    gen/serialize_ch0/clk_out1
    SLICE_X6Y137         FDRE                                         r  gen/serialize_ch0/TMDS_mod10_reg[1]/C
                         clock pessimism              0.602     3.164    
                         clock uncertainty           -0.065     3.098    
    SLICE_X6Y137         FDRE (Setup_fdre_C_R)       -0.524     2.574    gen/serialize_ch0/TMDS_mod10_reg[1]
  -------------------------------------------------------------------
                         required time                          2.574    
                         arrival time                          -1.111    
  -------------------------------------------------------------------
                         slack                                  1.463    





Min Delay Paths
--------------------------------------------------------------------------------------
Slack (MET) :             0.168ns  (arrival time - required time)
  Source:                 gen/serialize_chc/TMDS_shift_reg[4]/C
                            (rising edge-triggered cell FDRE clocked by clk_out1_clk_wiz_0  {rise@0.000ns fall@2.000ns period=4.000ns})
  Destination:            gen/serialize_chc/TMDS_shift_reg[3]/D
                            (rising edge-triggered cell FDSE clocked by clk_out1_clk_wiz_0  {rise@0.000ns fall@2.000ns period=4.000ns})
  Path Group:             clk_out1_clk_wiz_0
  Path Type:              Hold (Min at Fast Process Corner)
  Requirement:            0.000ns  (clk_out1_clk_wiz_0 rise@0.000ns - clk_out1_clk_wiz_0 rise@0.000ns)
  Data Path Delay:        0.253ns  (logic 0.141ns (55.769%)  route 0.112ns (44.231%))
  Logic Levels:           0  
  Clock Path Skew:        0.013ns (DCD - SCD - CPR)
    Destination Clock Delay (DCD):    -0.814ns
    Source Clock Delay      (SCD):    -0.576ns
    Clock Pessimism Removal (CPR):    -0.251ns

    Location             Delay type                Incr(ns)  Path(ns)    Netlist Resource(s)
  -------------------------------------------------------------------    -------------------
                         (clock clk_out1_clk_wiz_0 rise edge)
                                                      0.000     0.000 r  
    E3                                                0.000     0.000 r  clk (IN)
                         net (fo=0)                   0.000     0.000    clk_wiz/inst/clk_in1
    E3                   IBUF (Prop_ibuf_I_O)         0.250     0.250 r  clk_wiz/inst/clkin1_ibufg/O
                         net (fo=1, routed)           0.440     0.690    clk_wiz/inst/clk_in1_clk_wiz_0
    MMCME2_ADV_X1Y2      MMCME2_ADV (Prop_mmcme2_adv_CLKIN1_CLKOUT0)
                                                     -2.379    -1.689 r  clk_wiz/inst/mmcm_adv_inst/CLKOUT0
                         net (fo=1, routed)           0.499    -1.190    clk_wiz/inst/clk_out1_clk_wiz_0
    BUFGCTRL_X0Y16       BUFG (Prop_bufg_I_O)         0.026    -1.164 r  clk_wiz/inst/clkout1_buf/O
                         net (fo=63, routed)          0.588    -0.576    gen/serialize_chc/clk_out1
    SLICE_X0Y121         FDRE                                         r  gen/serialize_chc/TMDS_shift_reg[4]/C
  -------------------------------------------------------------------    -------------------
    SLICE_X0Y121         FDRE (Prop_fdre_C_Q)         0.141    -0.435 r  gen/serialize_chc/TMDS_shift_reg[4]/Q
                         net (fo=1, routed)           0.112    -0.323    gen/serialize_chc/TMDS_shift_reg_n_0_[4]
    SLICE_X1Y121         FDSE                                         r  gen/serialize_chc/TMDS_shift_reg[3]/D
  -------------------------------------------------------------------    -------------------

                         (clock clk_out1_clk_wiz_0 rise edge)
                                                      0.000     0.000 r  
    E3                                                0.000     0.000 r  clk (IN)
                         net (fo=0)                   0.000     0.000    clk_wiz/inst/clk_in1
    E3                   IBUF (Prop_ibuf_I_O)         0.438     0.438 r  clk_wiz/inst/clkin1_ibufg/O
                         net (fo=1, routed)           0.480     0.918    clk_wiz/inst/clk_in1_clk_wiz_0
    MMCME2_ADV_X1Y2      MMCME2_ADV (Prop_mmcme2_adv_CLKIN1_CLKOUT0)
                                                     -3.163    -2.245 r  clk_wiz/inst/mmcm_adv_inst/CLKOUT0
                         net (fo=1, routed)           0.544    -1.702    clk_wiz/inst/clk_out1_clk_wiz_0
    BUFGCTRL_X0Y16       BUFG (Prop_bufg_I_O)         0.029    -1.673 r  clk_wiz/inst/clkout1_buf/O
                         net (fo=63, routed)          0.859    -0.814    gen/serialize_chc/clk_out1
    SLICE_X1Y121         FDSE                                         r  gen/serialize_chc/TMDS_shift_reg[3]/C
                         clock pessimism              0.251    -0.563    
    SLICE_X1Y121         FDSE (Hold_fdse_C_D)         0.072    -0.491    gen/serialize_chc/TMDS_shift_reg[3]
  -------------------------------------------------------------------
                         required time                          0.491    
                         arrival time                          -0.323    
  -------------------------------------------------------------------
                         slack                                  0.168    

Slack (MET) :             0.177ns  (arrival time - required time)
  Source:                 gen/serialize_chc/TMDS_shift_reg[0]/C
                            (rising edge-triggered cell FDSE clocked by clk_out1_clk_wiz_0  {rise@0.000ns fall@2.000ns period=4.000ns})
  Destination:            gen/serialize_chc/serialized_reg/D
                            (rising edge-triggered cell FDRE clocked by clk_out1_clk_wiz_0  {rise@0.000ns fall@2.000ns period=4.000ns})
  Path Group:             clk_out1_clk_wiz_0
  Path Type:              Hold (Min at Fast Process Corner)
  Requirement:            0.000ns  (clk_out1_clk_wiz_0 rise@0.000ns - clk_out1_clk_wiz_0 rise@0.000ns)
  Data Path Delay:        0.263ns  (logic 0.141ns (53.592%)  route 0.122ns (46.408%))
  Logic Levels:           0  
  Clock Path Skew:        0.016ns (DCD - SCD - CPR)
    Destination Clock Delay (DCD):    -0.812ns
    Source Clock Delay      (SCD):    -0.576ns
    Clock Pessimism Removal (CPR):    -0.252ns

    Location             Delay type                Incr(ns)  Path(ns)    Netlist Resource(s)
  -------------------------------------------------------------------    -------------------
                         (clock clk_out1_clk_wiz_0 rise edge)
                                                      0.000     0.000 r  
    E3                                                0.000     0.000 r  clk (IN)
                         net (fo=0)                   0.000     0.000    clk_wiz/inst/clk_in1
    E3                   IBUF (Prop_ibuf_I_O)         0.250     0.250 r  clk_wiz/inst/clkin1_ibufg/O
                         net (fo=1, routed)           0.440     0.690    clk_wiz/inst/clk_in1_clk_wiz_0
    MMCME2_ADV_X1Y2      MMCME2_ADV (Prop_mmcme2_adv_CLKIN1_CLKOUT0)
                                                     -2.379    -1.689 r  clk_wiz/inst/mmcm_adv_inst/CLKOUT0
                         net (fo=1, routed)           0.499    -1.190    clk_wiz/inst/clk_out1_clk_wiz_0
    BUFGCTRL_X0Y16       BUFG (Prop_bufg_I_O)         0.026    -1.164 r  clk_wiz/inst/clkout1_buf/O
                         net (fo=63, routed)          0.588    -0.576    gen/serialize_chc/clk_out1
    SLICE_X1Y121         FDSE                                         r  gen/serialize_chc/TMDS_shift_reg[0]/C
  -------------------------------------------------------------------    -------------------
    SLICE_X1Y121         FDSE (Prop_fdse_C_Q)         0.141    -0.435 r  gen/serialize_chc/TMDS_shift_reg[0]/Q
                         net (fo=1, routed)           0.122    -0.313    gen/serialize_chc/TMDS_shift_reg_n_0_[0]
    SLICE_X0Y119         FDRE                                         r  gen/serialize_chc/serialized_reg/D
  -------------------------------------------------------------------    -------------------

                         (clock clk_out1_clk_wiz_0 rise edge)
                                                      0.000     0.000 r  
    E3                                                0.000     0.000 r  clk (IN)
                         net (fo=0)                   0.000     0.000    clk_wiz/inst/clk_in1
    E3                   IBUF (Prop_ibuf_I_O)         0.438     0.438 r  clk_wiz/inst/clkin1_ibufg/O
                         net (fo=1, routed)           0.480     0.918    clk_wiz/inst/clk_in1_clk_wiz_0
    MMCME2_ADV_X1Y2      MMCME2_ADV (Prop_mmcme2_adv_CLKIN1_CLKOUT0)
                                                     -3.163    -2.245 r  clk_wiz/inst/mmcm_adv_inst/CLKOUT0
                         net (fo=1, routed)           0.544    -1.702    clk_wiz/inst/clk_out1_clk_wiz_0
    BUFGCTRL_X0Y16       BUFG (Prop_bufg_I_O)         0.029    -1.673 r  clk_wiz/inst/clkout1_buf/O
                         net (fo=63, routed)          0.860    -0.812    gen/serialize_chc/clk_out1
    SLICE_X0Y119         FDRE                                         r  gen/serialize_chc/serialized_reg/C
                         clock pessimism              0.252    -0.560    
    SLICE_X0Y119         FDRE (Hold_fdre_C_D)         0.070    -0.490    gen/serialize_chc/serialized_reg
  -------------------------------------------------------------------
                         required time                          0.490    
                         arrival time                          -0.313    
  -------------------------------------------------------------------
                         slack                                  0.177    

Slack (MET) :             0.193ns  (arrival time - required time)
  Source:                 gen/serialize_ch1/TMDS_shift_reg[0]/C
                            (rising edge-triggered cell FDRE clocked by clk_out1_clk_wiz_0  {rise@0.000ns fall@2.000ns period=4.000ns})
  Destination:            gen/serialize_ch1/serialized_reg/D
                            (rising edge-triggered cell FDRE clocked by clk_out1_clk_wiz_0  {rise@0.000ns fall@2.000ns period=4.000ns})
  Path Group:             clk_out1_clk_wiz_0
  Path Type:              Hold (Min at Fast Process Corner)
  Requirement:            0.000ns  (clk_out1_clk_wiz_0 rise@0.000ns - clk_out1_clk_wiz_0 rise@0.000ns)
  Data Path Delay:        0.274ns  (logic 0.164ns (59.853%)  route 0.110ns (40.147%))
  Logic Levels:           0  
  Clock Path Skew:        0.011ns (DCD - SCD - CPR)
    Destination Clock Delay (DCD):    -0.848ns
    Source Clock Delay      (SCD):    -0.605ns
    Clock Pessimism Removal (CPR):    -0.254ns

    Location             Delay type                Incr(ns)  Path(ns)    Netlist Resource(s)
  -------------------------------------------------------------------    -------------------
                         (clock clk_out1_clk_wiz_0 rise edge)
                                                      0.000     0.000 r  
    E3                                                0.000     0.000 r  clk (IN)
                         net (fo=0)                   0.000     0.000    clk_wiz/inst/clk_in1
    E3                   IBUF (Prop_ibuf_I_O)         0.250     0.250 r  clk_wiz/inst/clkin1_ibufg/O
                         net (fo=1, routed)           0.440     0.690    clk_wiz/inst/clk_in1_clk_wiz_0
    MMCME2_ADV_X1Y2      MMCME2_ADV (Prop_mmcme2_adv_CLKIN1_CLKOUT0)
                                                     -2.379    -1.689 r  clk_wiz/inst/mmcm_adv_inst/CLKOUT0
                         net (fo=1, routed)           0.499    -1.190    clk_wiz/inst/clk_out1_clk_wiz_0
    BUFGCTRL_X0Y16       BUFG (Prop_bufg_I_O)         0.026    -1.164 r  clk_wiz/inst/clkout1_buf/O
                         net (fo=63, routed)          0.559    -0.605    gen/serialize_ch1/clk_out1
    SLICE_X10Y127        FDRE                                         r  gen/serialize_ch1/TMDS_shift_reg[0]/C
  -------------------------------------------------------------------    -------------------
    SLICE_X10Y127        FDRE (Prop_fdre_C_Q)         0.164    -0.441 r  gen/serialize_ch1/TMDS_shift_reg[0]/Q
                         net (fo=1, routed)           0.110    -0.331    gen/serialize_ch1/TMDS_shift_reg_n_0_[0]
    SLICE_X11Y126        FDRE                                         r  gen/serialize_ch1/serialized_reg/D
  -------------------------------------------------------------------    -------------------

                         (clock clk_out1_clk_wiz_0 rise edge)
                                                      0.000     0.000 r  
    E3                                                0.000     0.000 r  clk (IN)
                         net (fo=0)                   0.000     0.000    clk_wiz/inst/clk_in1
    E3                   IBUF (Prop_ibuf_I_O)         0.438     0.438 r  clk_wiz/inst/clkin1_ibufg/O
                         net (fo=1, routed)           0.480     0.918    clk_wiz/inst/clk_in1_clk_wiz_0
    MMCME2_ADV_X1Y2      MMCME2_ADV (Prop_mmcme2_adv_CLKIN1_CLKOUT0)
                                                     -3.163    -2.245 r  clk_wiz/inst/mmcm_adv_inst/CLKOUT0
                         net (fo=1, routed)           0.544    -1.702    clk_wiz/inst/clk_out1_clk_wiz_0
    BUFGCTRL_X0Y16       BUFG (Prop_bufg_I_O)         0.029    -1.673 r  clk_wiz/inst/clkout1_buf/O
                         net (fo=63, routed)          0.825    -0.848    gen/serialize_ch1/clk_out1
    SLICE_X11Y126        FDRE                                         r  gen/serialize_ch1/serialized_reg/C
                         clock pessimism              0.254    -0.594    
    SLICE_X11Y126        FDRE (Hold_fdre_C_D)         0.070    -0.524    gen/serialize_ch1/serialized_reg
  -------------------------------------------------------------------
                         required time                          0.524    
                         arrival time                          -0.331    
  -------------------------------------------------------------------
                         slack                                  0.193    

Slack (MET) :             0.234ns  (arrival time - required time)
  Source:                 gen/serialize_ch2/TMDS_shift_reg[0]/C
                            (rising edge-triggered cell FDRE clocked by clk_out1_clk_wiz_0  {rise@0.000ns fall@2.000ns period=4.000ns})
  Destination:            gen/serialize_ch2/serialized_reg/D
                            (rising edge-triggered cell FDRE clocked by clk_out1_clk_wiz_0  {rise@0.000ns fall@2.000ns period=4.000ns})
  Path Group:             clk_out1_clk_wiz_0
  Path Type:              Hold (Min at Fast Process Corner)
  Requirement:            0.000ns  (clk_out1_clk_wiz_0 rise@0.000ns - clk_out1_clk_wiz_0 rise@0.000ns)
  Data Path Delay:        0.317ns  (logic 0.164ns (51.712%)  route 0.153ns (48.288%))
  Logic Levels:           0  
  Clock Path Skew:        0.013ns (DCD - SCD - CPR)
    Destination Clock Delay (DCD):    -0.815ns
    Source Clock Delay      (SCD):    -0.576ns
    Clock Pessimism Removal (CPR):    -0.252ns

    Location             Delay type                Incr(ns)  Path(ns)    Netlist Resource(s)
  -------------------------------------------------------------------    -------------------
                         (clock clk_out1_clk_wiz_0 rise edge)
                                                      0.000     0.000 r  
    E3                                                0.000     0.000 r  clk (IN)
                         net (fo=0)                   0.000     0.000    clk_wiz/inst/clk_in1
    E3                   IBUF (Prop_ibuf_I_O)         0.250     0.250 r  clk_wiz/inst/clkin1_ibufg/O
                         net (fo=1, routed)           0.440     0.690    clk_wiz/inst/clk_in1_clk_wiz_0
    MMCME2_ADV_X1Y2      MMCME2_ADV (Prop_mmcme2_adv_CLKIN1_CLKOUT0)
                                                     -2.379    -1.689 r  clk_wiz/inst/mmcm_adv_inst/CLKOUT0
                         net (fo=1, routed)           0.499    -1.190    clk_wiz/inst/clk_out1_clk_wiz_0
    BUFGCTRL_X0Y16       BUFG (Prop_bufg_I_O)         0.026    -1.164 r  clk_wiz/inst/clkout1_buf/O
                         net (fo=63, routed)          0.588    -0.576    gen/serialize_ch2/clk_out1
    SLICE_X2Y127         FDRE                                         r  gen/serialize_ch2/TMDS_shift_reg[0]/C
  -------------------------------------------------------------------    -------------------
    SLICE_X2Y127         FDRE (Prop_fdre_C_Q)         0.164    -0.412 r  gen/serialize_ch2/TMDS_shift_reg[0]/Q
                         net (fo=1, routed)           0.153    -0.259    gen/serialize_ch2/TMDS_shift_reg_n_0_[0]
    SLICE_X1Y127         FDRE                                         r  gen/serialize_ch2/serialized_reg/D
  -------------------------------------------------------------------    -------------------

                         (clock clk_out1_clk_wiz_0 rise edge)
                                                      0.000     0.000 r  
    E3                                                0.000     0.000 r  clk (IN)
                         net (fo=0)                   0.000     0.000    clk_wiz/inst/clk_in1
    E3                   IBUF (Prop_ibuf_I_O)         0.438     0.438 r  clk_wiz/inst/clkin1_ibufg/O
                         net (fo=1, routed)           0.480     0.918    clk_wiz/inst/clk_in1_clk_wiz_0
    MMCME2_ADV_X1Y2      MMCME2_ADV (Prop_mmcme2_adv_CLKIN1_CLKOUT0)
                                                     -3.163    -2.245 r  clk_wiz/inst/mmcm_adv_inst/CLKOUT0
                         net (fo=1, routed)           0.544    -1.702    clk_wiz/inst/clk_out1_clk_wiz_0
    BUFGCTRL_X0Y16       BUFG (Prop_bufg_I_O)         0.029    -1.673 r  clk_wiz/inst/clkout1_buf/O
                         net (fo=63, routed)          0.858    -0.815    gen/serialize_ch2/clk_out1
    SLICE_X1Y127         FDRE                                         r  gen/serialize_ch2/serialized_reg/C
                         clock pessimism              0.252    -0.563    
    SLICE_X1Y127         FDRE (Hold_fdre_C_D)         0.070    -0.493    gen/serialize_ch2/serialized_reg
  -------------------------------------------------------------------
                         required time                          0.493    
                         arrival time                          -0.259    
  -------------------------------------------------------------------
                         slack                                  0.234    

Slack (MET) :             0.235ns  (arrival time - required time)
  Source:                 gen/serialize_ch0/TMDS_shift_reg[6]/C
                            (rising edge-triggered cell FDRE clocked by clk_out1_clk_wiz_0  {rise@0.000ns fall@2.000ns period=4.000ns})
  Destination:            gen/serialize_ch0/TMDS_shift_reg[5]/D
                            (rising edge-triggered cell FDRE clocked by clk_out1_clk_wiz_0  {rise@0.000ns fall@2.000ns period=4.000ns})
  Path Group:             clk_out1_clk_wiz_0
  Path Type:              Hold (Min at Fast Process Corner)
  Requirement:            0.000ns  (clk_out1_clk_wiz_0 rise@0.000ns - clk_out1_clk_wiz_0 rise@0.000ns)
  Data Path Delay:        0.342ns  (logic 0.183ns (53.493%)  route 0.159ns (46.507%))
  Logic Levels:           1  (LUT3=1)
  Clock Path Skew:        0.000ns (DCD - SCD - CPR)
    Destination Clock Delay (DCD):    -0.814ns
    Source Clock Delay      (SCD):    -0.574ns
    Clock Pessimism Removal (CPR):    -0.240ns

    Location             Delay type                Incr(ns)  Path(ns)    Netlist Resource(s)
  -------------------------------------------------------------------    -------------------
                         (clock clk_out1_clk_wiz_0 rise edge)
                                                      0.000     0.000 r  
    E3                                                0.000     0.000 r  clk (IN)
                         net (fo=0)                   0.000     0.000    clk_wiz/inst/clk_in1
    E3                   IBUF (Prop_ibuf_I_O)         0.250     0.250 r  clk_wiz/inst/clkin1_ibufg/O
                         net (fo=1, routed)           0.440     0.690    clk_wiz/inst/clk_in1_clk_wiz_0
    MMCME2_ADV_X1Y2      MMCME2_ADV (Prop_mmcme2_adv_CLKIN1_CLKOUT0)
                                                     -2.379    -1.689 r  clk_wiz/inst/mmcm_adv_inst/CLKOUT0
                         net (fo=1, routed)           0.499    -1.190    clk_wiz/inst/clk_out1_clk_wiz_0
    BUFGCTRL_X0Y16       BUFG (Prop_bufg_I_O)         0.026    -1.164 r  clk_wiz/inst/clkout1_buf/O
                         net (fo=63, routed)          0.590    -0.574    gen/serialize_ch0/clk_out1
    SLICE_X7Y131         FDRE                                         r  gen/serialize_ch0/TMDS_shift_reg[6]/C
  -------------------------------------------------------------------    -------------------
    SLICE_X7Y131         FDRE (Prop_fdre_C_Q)         0.141    -0.433 r  gen/serialize_ch0/TMDS_shift_reg[6]/Q
                         net (fo=1, routed)           0.159    -0.274    gen/serialize_ch0/TMDS_shift_reg_n_0_[6]
    SLICE_X7Y131         LUT3 (Prop_lut3_I2_O)        0.042    -0.232 r  gen/serialize_ch0/TMDS_shift[5]_i_1/O
                         net (fo=1, routed)           0.000    -0.232    gen/serialize_ch0/TMDS_shift[5]_i_1_n_0
    SLICE_X7Y131         FDRE                                         r  gen/serialize_ch0/TMDS_shift_reg[5]/D
  -------------------------------------------------------------------    -------------------

                         (clock clk_out1_clk_wiz_0 rise edge)
                                                      0.000     0.000 r  
    E3                                                0.000     0.000 r  clk (IN)
                         net (fo=0)                   0.000     0.000    clk_wiz/inst/clk_in1
    E3                   IBUF (Prop_ibuf_I_O)         0.438     0.438 r  clk_wiz/inst/clkin1_ibufg/O
                         net (fo=1, routed)           0.480     0.918    clk_wiz/inst/clk_in1_clk_wiz_0
    MMCME2_ADV_X1Y2      MMCME2_ADV (Prop_mmcme2_adv_CLKIN1_CLKOUT0)
                                                     -3.163    -2.245 r  clk_wiz/inst/mmcm_adv_inst/CLKOUT0
                         net (fo=1, routed)           0.544    -1.702    clk_wiz/inst/clk_out1_clk_wiz_0
    BUFGCTRL_X0Y16       BUFG (Prop_bufg_I_O)         0.029    -1.673 r  clk_wiz/inst/clkout1_buf/O
                         net (fo=63, routed)          0.859    -0.814    gen/serialize_ch0/clk_out1
    SLICE_X7Y131         FDRE                                         r  gen/serialize_ch0/TMDS_shift_reg[5]/C
                         clock pessimism              0.240    -0.574    
    SLICE_X7Y131         FDRE (Hold_fdre_C_D)         0.107    -0.467    gen/serialize_ch0/TMDS_shift_reg[5]
  -------------------------------------------------------------------
                         required time                          0.467    
                         arrival time                          -0.232    
  -------------------------------------------------------------------
                         slack                                  0.235    

Slack (MET) :             0.238ns  (arrival time - required time)
  Source:                 gen/serialize_ch1/TMDS_mod10_reg[2]/C
                            (rising edge-triggered cell FDRE clocked by clk_out1_clk_wiz_0  {rise@0.000ns fall@2.000ns period=4.000ns})
  Destination:            gen/serialize_ch1/TMDS_mod10_reg[3]/D
                            (rising edge-triggered cell FDRE clocked by clk_out1_clk_wiz_0  {rise@0.000ns fall@2.000ns period=4.000ns})
  Path Group:             clk_out1_clk_wiz_0
  Path Type:              Hold (Min at Fast Process Corner)
  Requirement:            0.000ns  (clk_out1_clk_wiz_0 rise@0.000ns - clk_out1_clk_wiz_0 rise@0.000ns)
  Data Path Delay:        0.345ns  (logic 0.190ns (55.095%)  route 0.155ns (44.905%))
  Logic Levels:           1  (LUT4=1)
  Clock Path Skew:        0.000ns (DCD - SCD - CPR)
    Destination Clock Delay (DCD):    -0.844ns
    Source Clock Delay      (SCD):    -0.604ns
    Clock Pessimism Removal (CPR):    -0.240ns

    Location             Delay type                Incr(ns)  Path(ns)    Netlist Resource(s)
  -------------------------------------------------------------------    -------------------
                         (clock clk_out1_clk_wiz_0 rise edge)
                                                      0.000     0.000 r  
    E3                                                0.000     0.000 r  clk (IN)
                         net (fo=0)                   0.000     0.000    clk_wiz/inst/clk_in1
    E3                   IBUF (Prop_ibuf_I_O)         0.250     0.250 r  clk_wiz/inst/clkin1_ibufg/O
                         net (fo=1, routed)           0.440     0.690    clk_wiz/inst/clk_in1_clk_wiz_0
    MMCME2_ADV_X1Y2      MMCME2_ADV (Prop_mmcme2_adv_CLKIN1_CLKOUT0)
                                                     -2.379    -1.689 r  clk_wiz/inst/mmcm_adv_inst/CLKOUT0
                         net (fo=1, routed)           0.499    -1.190    clk_wiz/inst/clk_out1_clk_wiz_0
    BUFGCTRL_X0Y16       BUFG (Prop_bufg_I_O)         0.026    -1.164 r  clk_wiz/inst/clkout1_buf/O
                         net (fo=63, routed)          0.560    -0.604    gen/serialize_ch1/clk_out1
    SLICE_X9Y129         FDRE                                         r  gen/serialize_ch1/TMDS_mod10_reg[2]/C
  -------------------------------------------------------------------    -------------------
    SLICE_X9Y129         FDRE (Prop_fdre_C_Q)         0.141    -0.463 r  gen/serialize_ch1/TMDS_mod10_reg[2]/Q
                         net (fo=3, routed)           0.155    -0.308    gen/serialize_ch1/Q[2]
    SLICE_X9Y129         LUT4 (Prop_lut4_I2_O)        0.049    -0.259 r  gen/serialize_ch1/TMDS_mod10[3]_i_1/O
                         net (fo=1, routed)           0.000    -0.259    gen/serialize_ch1/TMDS_mod10[3]_i_1_n_0
    SLICE_X9Y129         FDRE                                         r  gen/serialize_ch1/TMDS_mod10_reg[3]/D
  -------------------------------------------------------------------    -------------------

                         (clock clk_out1_clk_wiz_0 rise edge)
                                                      0.000     0.000 r  
    E3                                                0.000     0.000 r  clk (IN)
                         net (fo=0)                   0.000     0.000    clk_wiz/inst/clk_in1
    E3                   IBUF (Prop_ibuf_I_O)         0.438     0.438 r  clk_wiz/inst/clkin1_ibufg/O
                         net (fo=1, routed)           0.480     0.918    clk_wiz/inst/clk_in1_clk_wiz_0
    MMCME2_ADV_X1Y2      MMCME2_ADV (Prop_mmcme2_adv_CLKIN1_CLKOUT0)
                                                     -3.163    -2.245 r  clk_wiz/inst/mmcm_adv_inst/CLKOUT0
                         net (fo=1, routed)           0.544    -1.702    clk_wiz/inst/clk_out1_clk_wiz_0
    BUFGCTRL_X0Y16       BUFG (Prop_bufg_I_O)         0.029    -1.673 r  clk_wiz/inst/clkout1_buf/O
                         net (fo=63, routed)          0.829    -0.844    gen/serialize_ch1/clk_out1
    SLICE_X9Y129         FDRE                                         r  gen/serialize_ch1/TMDS_mod10_reg[3]/C
                         clock pessimism              0.240    -0.604    
    SLICE_X9Y129         FDRE (Hold_fdre_C_D)         0.107    -0.497    gen/serialize_ch1/TMDS_mod10_reg[3]
  -------------------------------------------------------------------
                         required time                          0.497    
                         arrival time                          -0.259    
  -------------------------------------------------------------------
                         slack                                  0.238    

Slack (MET) :             0.243ns  (arrival time - required time)
  Source:                 gen/serialize_ch0/TMDS_mod10_reg[2]/C
                            (rising edge-triggered cell FDRE clocked by clk_out1_clk_wiz_0  {rise@0.000ns fall@2.000ns period=4.000ns})
  Destination:            gen/serialize_ch0/TMDS_mod10_reg[3]/D
                            (rising edge-triggered cell FDRE clocked by clk_out1_clk_wiz_0  {rise@0.000ns fall@2.000ns period=4.000ns})
  Path Group:             clk_out1_clk_wiz_0
  Path Type:              Hold (Min at Fast Process Corner)
  Requirement:            0.000ns  (clk_out1_clk_wiz_0 rise@0.000ns - clk_out1_clk_wiz_0 rise@0.000ns)
  Data Path Delay:        0.374ns  (logic 0.212ns (56.642%)  route 0.162ns (43.358%))
  Logic Levels:           1  (LUT4=1)
  Clock Path Skew:        0.000ns (DCD - SCD - CPR)
    Destination Clock Delay (DCD):    -0.809ns
    Source Clock Delay      (SCD):    -0.570ns
    Clock Pessimism Removal (CPR):    -0.239ns

    Location             Delay type                Incr(ns)  Path(ns)    Netlist Resource(s)
  -------------------------------------------------------------------    -------------------
                         (clock clk_out1_clk_wiz_0 rise edge)
                                                      0.000     0.000 r  
    E3                                                0.000     0.000 r  clk (IN)
                         net (fo=0)                   0.000     0.000    clk_wiz/inst/clk_in1
    E3                   IBUF (Prop_ibuf_I_O)         0.250     0.250 r  clk_wiz/inst/clkin1_ibufg/O
                         net (fo=1, routed)           0.440     0.690    clk_wiz/inst/clk_in1_clk_wiz_0
    MMCME2_ADV_X1Y2      MMCME2_ADV (Prop_mmcme2_adv_CLKIN1_CLKOUT0)
                                                     -2.379    -1.689 r  clk_wiz/inst/mmcm_adv_inst/CLKOUT0
                         net (fo=1, routed)           0.499    -1.190    clk_wiz/inst/clk_out1_clk_wiz_0
    BUFGCTRL_X0Y16       BUFG (Prop_bufg_I_O)         0.026    -1.164 r  clk_wiz/inst/clkout1_buf/O
                         net (fo=63, routed)          0.594    -0.570    gen/serialize_ch0/clk_out1
    SLICE_X6Y137         FDRE                                         r  gen/serialize_ch0/TMDS_mod10_reg[2]/C
  -------------------------------------------------------------------    -------------------
    SLICE_X6Y137         FDRE (Prop_fdre_C_Q)         0.164    -0.406 r  gen/serialize_ch0/TMDS_mod10_reg[2]/Q
                         net (fo=3, routed)           0.162    -0.244    gen/serialize_ch0/Q[2]
    SLICE_X6Y137         LUT4 (Prop_lut4_I2_O)        0.048    -0.196 r  gen/serialize_ch0/TMDS_mod10[3]_i_1/O
                         net (fo=1, routed)           0.000    -0.196    gen/serialize_ch0/TMDS_mod10[3]_i_1_n_0
    SLICE_X6Y137         FDRE                                         r  gen/serialize_ch0/TMDS_mod10_reg[3]/D
  -------------------------------------------------------------------    -------------------

                         (clock clk_out1_clk_wiz_0 rise edge)
                                                      0.000     0.000 r  
    E3                                                0.000     0.000 r  clk (IN)
                         net (fo=0)                   0.000     0.000    clk_wiz/inst/clk_in1
    E3                   IBUF (Prop_ibuf_I_O)         0.438     0.438 r  clk_wiz/inst/clkin1_ibufg/O
                         net (fo=1, routed)           0.480     0.918    clk_wiz/inst/clk_in1_clk_wiz_0
    MMCME2_ADV_X1Y2      MMCME2_ADV (Prop_mmcme2_adv_CLKIN1_CLKOUT0)
                                                     -3.163    -2.245 r  clk_wiz/inst/mmcm_adv_inst/CLKOUT0
                         net (fo=1, routed)           0.544    -1.702    clk_wiz/inst/clk_out1_clk_wiz_0
    BUFGCTRL_X0Y16       BUFG (Prop_bufg_I_O)         0.029    -1.673 r  clk_wiz/inst/clkout1_buf/O
                         net (fo=63, routed)          0.863    -0.809    gen/serialize_ch0/clk_out1
    SLICE_X6Y137         FDRE                                         r  gen/serialize_ch0/TMDS_mod10_reg[3]/C
                         clock pessimism              0.239    -0.570    
    SLICE_X6Y137         FDRE (Hold_fdre_C_D)         0.131    -0.439    gen/serialize_ch0/TMDS_mod10_reg[3]
  -------------------------------------------------------------------
                         required time                          0.439    
                         arrival time                          -0.196    
  -------------------------------------------------------------------
                         slack                                  0.243    

Slack (MET) :             0.245ns  (arrival time - required time)
  Source:                 gen/serialize_ch0/TMDS_shift_load_reg/C
                            (rising edge-triggered cell FDRE clocked by clk_out1_clk_wiz_0  {rise@0.000ns fall@2.000ns period=4.000ns})
  Destination:            gen/serialize_ch0/TMDS_shift_reg[9]/D
                            (rising edge-triggered cell FDRE clocked by clk_out1_clk_wiz_0  {rise@0.000ns fall@2.000ns period=4.000ns})
  Path Group:             clk_out1_clk_wiz_0
  Path Type:              Hold (Min at Fast Process Corner)
  Requirement:            0.000ns  (clk_out1_clk_wiz_0 rise@0.000ns - clk_out1_clk_wiz_0 rise@0.000ns)
  Data Path Delay:        0.364ns  (logic 0.212ns (58.164%)  route 0.152ns (41.836%))
  Logic Levels:           1  (LUT2=1)
  Clock Path Skew:        0.012ns (DCD - SCD - CPR)
    Destination Clock Delay (DCD):    -0.813ns
    Source Clock Delay      (SCD):    -0.571ns
    Clock Pessimism Removal (CPR):    -0.254ns

    Location             Delay type                Incr(ns)  Path(ns)    Netlist Resource(s)
  -------------------------------------------------------------------    -------------------
                         (clock clk_out1_clk_wiz_0 rise edge)
                                                      0.000     0.000 r  
    E3                                                0.000     0.000 r  clk (IN)
                         net (fo=0)                   0.000     0.000    clk_wiz/inst/clk_in1
    E3                   IBUF (Prop_ibuf_I_O)         0.250     0.250 r  clk_wiz/inst/clkin1_ibufg/O
                         net (fo=1, routed)           0.440     0.690    clk_wiz/inst/clk_in1_clk_wiz_0
    MMCME2_ADV_X1Y2      MMCME2_ADV (Prop_mmcme2_adv_CLKIN1_CLKOUT0)
                                                     -2.379    -1.689 r  clk_wiz/inst/mmcm_adv_inst/CLKOUT0
                         net (fo=1, routed)           0.499    -1.190    clk_wiz/inst/clk_out1_clk_wiz_0
    BUFGCTRL_X0Y16       BUFG (Prop_bufg_I_O)         0.026    -1.164 r  clk_wiz/inst/clkout1_buf/O
                         net (fo=63, routed)          0.593    -0.571    gen/serialize_ch0/clk_out1
    SLICE_X6Y134         FDRE                                         r  gen/serialize_ch0/TMDS_shift_load_reg/C
  -------------------------------------------------------------------    -------------------
    SLICE_X6Y134         FDRE (Prop_fdre_C_Q)         0.164    -0.407 r  gen/serialize_ch0/TMDS_shift_load_reg/Q
                         net (fo=10, routed)          0.152    -0.255    gen/serialize_ch0/TMDS_shift_load
    SLICE_X7Y132         LUT2 (Prop_lut2_I0_O)        0.048    -0.207 r  gen/serialize_ch0/TMDS_shift[9]_i_1/O
                         net (fo=1, routed)           0.000    -0.207    gen/serialize_ch0/TMDS_shift[9]_i_1_n_0
    SLICE_X7Y132         FDRE                                         r  gen/serialize_ch0/TMDS_shift_reg[9]/D
  -------------------------------------------------------------------    -------------------

                         (clock clk_out1_clk_wiz_0 rise edge)
                                                      0.000     0.000 r  
    E3                                                0.000     0.000 r  clk (IN)
                         net (fo=0)                   0.000     0.000    clk_wiz/inst/clk_in1
    E3                   IBUF (Prop_ibuf_I_O)         0.438     0.438 r  clk_wiz/inst/clkin1_ibufg/O
                         net (fo=1, routed)           0.480     0.918    clk_wiz/inst/clk_in1_clk_wiz_0
    MMCME2_ADV_X1Y2      MMCME2_ADV (Prop_mmcme2_adv_CLKIN1_CLKOUT0)
                                                     -3.163    -2.245 r  clk_wiz/inst/mmcm_adv_inst/CLKOUT0
                         net (fo=1, routed)           0.544    -1.702    clk_wiz/inst/clk_out1_clk_wiz_0
    BUFGCTRL_X0Y16       BUFG (Prop_bufg_I_O)         0.029    -1.673 r  clk_wiz/inst/clkout1_buf/O
                         net (fo=63, routed)          0.859    -0.813    gen/serialize_ch0/clk_out1
    SLICE_X7Y132         FDRE                                         r  gen/serialize_ch0/TMDS_shift_reg[9]/C
                         clock pessimism              0.254    -0.559    
    SLICE_X7Y132         FDRE (Hold_fdre_C_D)         0.107    -0.452    gen/serialize_ch0/TMDS_shift_reg[9]
  -------------------------------------------------------------------
                         required time                          0.452    
                         arrival time                          -0.207    
  -------------------------------------------------------------------
                         slack                                  0.245    

Slack (MET) :             0.247ns  (arrival time - required time)
  Source:                 gen/serialize_ch1/TMDS_shift_load_reg/C
                            (rising edge-triggered cell FDRE clocked by clk_out1_clk_wiz_0  {rise@0.000ns fall@2.000ns period=4.000ns})
  Destination:            gen/serialize_ch1/TMDS_shift_reg[5]/D
                            (rising edge-triggered cell FDRE clocked by clk_out1_clk_wiz_0  {rise@0.000ns fall@2.000ns period=4.000ns})
  Path Group:             clk_out1_clk_wiz_0
  Path Type:              Hold (Min at Fast Process Corner)
  Requirement:            0.000ns  (clk_out1_clk_wiz_0 rise@0.000ns - clk_out1_clk_wiz_0 rise@0.000ns)
  Data Path Delay:        0.391ns  (logic 0.212ns (54.283%)  route 0.179ns (45.717%))
  Logic Levels:           1  (LUT3=1)
  Clock Path Skew:        0.013ns (DCD - SCD - CPR)
    Destination Clock Delay (DCD):    -0.845ns
    Source Clock Delay      (SCD):    -0.604ns
    Clock Pessimism Removal (CPR):    -0.254ns

    Location             Delay type                Incr(ns)  Path(ns)    Netlist Resource(s)
  -------------------------------------------------------------------    -------------------
                         (clock clk_out1_clk_wiz_0 rise edge)
                                                      0.000     0.000 r  
    E3                                                0.000     0.000 r  clk (IN)
                         net (fo=0)                   0.000     0.000    clk_wiz/inst/clk_in1
    E3                   IBUF (Prop_ibuf_I_O)         0.250     0.250 r  clk_wiz/inst/clkin1_ibufg/O
                         net (fo=1, routed)           0.440     0.690    clk_wiz/inst/clk_in1_clk_wiz_0
    MMCME2_ADV_X1Y2      MMCME2_ADV (Prop_mmcme2_adv_CLKIN1_CLKOUT0)
                                                     -2.379    -1.689 r  clk_wiz/inst/mmcm_adv_inst/CLKOUT0
                         net (fo=1, routed)           0.499    -1.190    clk_wiz/inst/clk_out1_clk_wiz_0
    BUFGCTRL_X0Y16       BUFG (Prop_bufg_I_O)         0.026    -1.164 r  clk_wiz/inst/clkout1_buf/O
                         net (fo=63, routed)          0.560    -0.604    gen/serialize_ch1/clk_out1
    SLICE_X10Y129        FDRE                                         r  gen/serialize_ch1/TMDS_shift_load_reg/C
  -------------------------------------------------------------------    -------------------
    SLICE_X10Y129        FDRE (Prop_fdre_C_Q)         0.164    -0.440 r  gen/serialize_ch1/TMDS_shift_load_reg/Q
                         net (fo=10, routed)          0.179    -0.262    gen/serialize_ch1/TMDS_shift_load_reg_n_0
    SLICE_X10Y128        LUT3 (Prop_lut3_I1_O)        0.048    -0.214 r  gen/serialize_ch1/TMDS_shift[5]_i_1/O
                         net (fo=1, routed)           0.000    -0.214    gen/serialize_ch1/TMDS_shift[5]_i_1_n_0
    SLICE_X10Y128        FDRE                                         r  gen/serialize_ch1/TMDS_shift_reg[5]/D
  -------------------------------------------------------------------    -------------------

                         (clock clk_out1_clk_wiz_0 rise edge)
                                                      0.000     0.000 r  
    E3                                                0.000     0.000 r  clk (IN)
                         net (fo=0)                   0.000     0.000    clk_wiz/inst/clk_in1
    E3                   IBUF (Prop_ibuf_I_O)         0.438     0.438 r  clk_wiz/inst/clkin1_ibufg/O
                         net (fo=1, routed)           0.480     0.918    clk_wiz/inst/clk_in1_clk_wiz_0
    MMCME2_ADV_X1Y2      MMCME2_ADV (Prop_mmcme2_adv_CLKIN1_CLKOUT0)
                                                     -3.163    -2.245 r  clk_wiz/inst/mmcm_adv_inst/CLKOUT0
                         net (fo=1, routed)           0.544    -1.702    clk_wiz/inst/clk_out1_clk_wiz_0
    BUFGCTRL_X0Y16       BUFG (Prop_bufg_I_O)         0.029    -1.673 r  clk_wiz/inst/clkout1_buf/O
                         net (fo=63, routed)          0.828    -0.845    gen/serialize_ch1/clk_out1
    SLICE_X10Y128        FDRE                                         r  gen/serialize_ch1/TMDS_shift_reg[5]/C
                         clock pessimism              0.254    -0.591    
    SLICE_X10Y128        FDRE (Hold_fdre_C_D)         0.131    -0.460    gen/serialize_ch1/TMDS_shift_reg[5]
  -------------------------------------------------------------------
                         required time                          0.460    
                         arrival time                          -0.214    
  -------------------------------------------------------------------
                         slack                                  0.247    

Slack (MET) :             0.249ns  (arrival time - required time)
  Source:                 gen/serialize_ch1/TMDS_mod10_reg[2]/C
                            (rising edge-triggered cell FDRE clocked by clk_out1_clk_wiz_0  {rise@0.000ns fall@2.000ns period=4.000ns})
  Destination:            gen/serialize_ch1/TMDS_mod10_reg[2]/D
                            (rising edge-triggered cell FDRE clocked by clk_out1_clk_wiz_0  {rise@0.000ns fall@2.000ns period=4.000ns})
  Path Group:             clk_out1_clk_wiz_0
  Path Type:              Hold (Min at Fast Process Corner)
  Requirement:            0.000ns  (clk_out1_clk_wiz_0 rise@0.000ns - clk_out1_clk_wiz_0 rise@0.000ns)
  Data Path Delay:        0.341ns  (logic 0.186ns (54.568%)  route 0.155ns (45.432%))
  Logic Levels:           1  (LUT3=1)
  Clock Path Skew:        0.000ns (DCD - SCD - CPR)
    Destination Clock Delay (DCD):    -0.844ns
    Source Clock Delay      (SCD):    -0.604ns
    Clock Pessimism Removal (CPR):    -0.240ns

    Location             Delay type                Incr(ns)  Path(ns)    Netlist Resource(s)
  -------------------------------------------------------------------    -------------------
                         (clock clk_out1_clk_wiz_0 rise edge)
                                                      0.000     0.000 r  
    E3                                                0.000     0.000 r  clk (IN)
                         net (fo=0)                   0.000     0.000    clk_wiz/inst/clk_in1
    E3                   IBUF (Prop_ibuf_I_O)         0.250     0.250 r  clk_wiz/inst/clkin1_ibufg/O
                         net (fo=1, routed)           0.440     0.690    clk_wiz/inst/clk_in1_clk_wiz_0
    MMCME2_ADV_X1Y2      MMCME2_ADV (Prop_mmcme2_adv_CLKIN1_CLKOUT0)
                                                     -2.379    -1.689 r  clk_wiz/inst/mmcm_adv_inst/CLKOUT0
                         net (fo=1, routed)           0.499    -1.190    clk_wiz/inst/clk_out1_clk_wiz_0
    BUFGCTRL_X0Y16       BUFG (Prop_bufg_I_O)         0.026    -1.164 r  clk_wiz/inst/clkout1_buf/O
                         net (fo=63, routed)          0.560    -0.604    gen/serialize_ch1/clk_out1
    SLICE_X9Y129         FDRE                                         r  gen/serialize_ch1/TMDS_mod10_reg[2]/C
  -------------------------------------------------------------------    -------------------
    SLICE_X9Y129         FDRE (Prop_fdre_C_Q)         0.141    -0.463 r  gen/serialize_ch1/TMDS_mod10_reg[2]/Q
                         net (fo=3, routed)           0.155    -0.308    gen/serialize_ch1/Q[2]
    SLICE_X9Y129         LUT3 (Prop_lut3_I2_O)        0.045    -0.263 r  gen/serialize_ch1/TMDS_mod10[2]_i_1/O
                         net (fo=1, routed)           0.000    -0.263    gen/serialize_ch1/TMDS_mod10[2]_i_1_n_0
    SLICE_X9Y129         FDRE                                         r  gen/serialize_ch1/TMDS_mod10_reg[2]/D
  -------------------------------------------------------------------    -------------------

                         (clock clk_out1_clk_wiz_0 rise edge)
                                                      0.000     0.000 r  
    E3                                                0.000     0.000 r  clk (IN)
                         net (fo=0)                   0.000     0.000    clk_wiz/inst/clk_in1
    E3                   IBUF (Prop_ibuf_I_O)         0.438     0.438 r  clk_wiz/inst/clkin1_ibufg/O
                         net (fo=1, routed)           0.480     0.918    clk_wiz/inst/clk_in1_clk_wiz_0
    MMCME2_ADV_X1Y2      MMCME2_ADV (Prop_mmcme2_adv_CLKIN1_CLKOUT0)
                                                     -3.163    -2.245 r  clk_wiz/inst/mmcm_adv_inst/CLKOUT0
                         net (fo=1, routed)           0.544    -1.702    clk_wiz/inst/clk_out1_clk_wiz_0
    BUFGCTRL_X0Y16       BUFG (Prop_bufg_I_O)         0.029    -1.673 r  clk_wiz/inst/clkout1_buf/O
                         net (fo=63, routed)          0.829    -0.844    gen/serialize_ch1/clk_out1
    SLICE_X9Y129         FDRE                                         r  gen/serialize_ch1/TMDS_mod10_reg[2]/C
                         clock pessimism              0.240    -0.604    
    SLICE_X9Y129         FDRE (Hold_fdre_C_D)         0.092    -0.512    gen/serialize_ch1/TMDS_mod10_reg[2]
  -------------------------------------------------------------------
                         required time                          0.512    
                         arrival time                          -0.263    
  -------------------------------------------------------------------
                         slack                                  0.249    





Pulse Width Checks
--------------------------------------------------------------------------------------
Clock Name:         clk_out1_clk_wiz_0
Waveform(ns):       { 0.000 2.000 }
Period(ns):         4.000
Sources:            { clk_wiz/inst/mmcm_adv_inst/CLKOUT0 }

Check Type        Corner  Lib Pin             Reference Pin  Required(ns)  Actual(ns)  Slack(ns)  Location         Pin
Min Period        n/a     BUFG/I              n/a            2.155         4.000       1.845      BUFGCTRL_X0Y16   clk_wiz/inst/clkout1_buf/I
Min Period        n/a     MMCME2_ADV/CLKOUT0  n/a            1.249         4.000       2.751      MMCME2_ADV_X1Y2  clk_wiz/inst/mmcm_adv_inst/CLKOUT0
Min Period        n/a     FDRE/C              n/a            1.000         4.000       3.000      SLICE_X52Y96     clk_gen/clk_count_reg[0]/C
Min Period        n/a     FDRE/C              n/a            1.000         4.000       3.000      SLICE_X52Y96     clk_gen/clk_count_reg[1]/C
Min Period        n/a     FDRE/C              n/a            1.000         4.000       3.000      SLICE_X52Y96     clk_gen/clk_count_reg[2]/C
Min Period        n/a     FDRE/C              n/a            1.000         4.000       3.000      SLICE_X52Y96     clk_gen/clk_pix_reg/C
Min Period        n/a     FDRE/C              n/a            1.000         4.000       3.000      SLICE_X6Y137     gen/serialize_ch0/TMDS_mod10_reg[0]/C
Min Period        n/a     FDRE/C              n/a            1.000         4.000       3.000      SLICE_X6Y137     gen/serialize_ch0/TMDS_mod10_reg[1]/C
Min Period        n/a     FDRE/C              n/a            1.000         4.000       3.000      SLICE_X6Y137     gen/serialize_ch0/TMDS_mod10_reg[2]/C
Min Period        n/a     FDRE/C              n/a            1.000         4.000       3.000      SLICE_X6Y137     gen/serialize_ch0/TMDS_mod10_reg[3]/C
Max Period        n/a     MMCME2_ADV/CLKOUT0  n/a            213.360       4.000       209.360    MMCME2_ADV_X1Y2  clk_wiz/inst/mmcm_adv_inst/CLKOUT0
Low Pulse Width   Slow    FDRE/C              n/a            0.500         2.000       1.500      SLICE_X52Y96     clk_gen/clk_count_reg[0]/C
Low Pulse Width   Fast    FDRE/C              n/a            0.500         2.000       1.500      SLICE_X52Y96     clk_gen/clk_count_reg[0]/C
Low Pulse Width   Slow    FDRE/C              n/a            0.500         2.000       1.500      SLICE_X52Y96     clk_gen/clk_count_reg[1]/C
Low Pulse Width   Fast    FDRE/C              n/a            0.500         2.000       1.500      SLICE_X52Y96     clk_gen/clk_count_reg[1]/C
Low Pulse Width   Slow    FDRE/C              n/a            0.500         2.000       1.500      SLICE_X52Y96     clk_gen/clk_count_reg[2]/C
Low Pulse Width   Fast    FDRE/C              n/a            0.500         2.000       1.500      SLICE_X52Y96     clk_gen/clk_count_reg[2]/C
Low Pulse Width   Slow    FDRE/C              n/a            0.500         2.000       1.500      SLICE_X52Y96     clk_gen/clk_pix_reg/C
Low Pulse Width   Fast    FDRE/C              n/a            0.500         2.000       1.500      SLICE_X52Y96     clk_gen/clk_pix_reg/C
Low Pulse Width   Slow    FDRE/C              n/a            0.500         2.000       1.500      SLICE_X6Y137     gen/serialize_ch0/TMDS_mod10_reg[0]/C
Low Pulse Width   Fast    FDRE/C              n/a            0.500         2.000       1.500      SLICE_X6Y137     gen/serialize_ch0/TMDS_mod10_reg[0]/C
High Pulse Width  Slow    FDRE/C              n/a            0.500         2.000       1.500      SLICE_X52Y96     clk_gen/clk_count_reg[0]/C
High Pulse Width  Fast    FDRE/C              n/a            0.500         2.000       1.500      SLICE_X52Y96     clk_gen/clk_count_reg[0]/C
High Pulse Width  Slow    FDRE/C              n/a            0.500         2.000       1.500      SLICE_X52Y96     clk_gen/clk_count_reg[1]/C
High Pulse Width  Fast    FDRE/C              n/a            0.500         2.000       1.500      SLICE_X52Y96     clk_gen/clk_count_reg[1]/C
High Pulse Width  Slow    FDRE/C              n/a            0.500         2.000       1.500      SLICE_X52Y96     clk_gen/clk_count_reg[2]/C
High Pulse Width  Fast    FDRE/C              n/a            0.500         2.000       1.500      SLICE_X52Y96     clk_gen/clk_count_reg[2]/C
High Pulse Width  Slow    FDRE/C              n/a            0.500         2.000       1.500      SLICE_X52Y96     clk_gen/clk_pix_reg/C
High Pulse Width  Fast    FDRE/C              n/a            0.500         2.000       1.500      SLICE_X52Y96     clk_gen/clk_pix_reg/C
High Pulse Width  Slow    FDRE/C              n/a            0.500         2.000       1.500      SLICE_X6Y137     gen/serialize_ch0/TMDS_mod10_reg[0]/C
High Pulse Width  Fast    FDRE/C              n/a            0.500         2.000       1.500      SLICE_X6Y137     gen/serialize_ch0/TMDS_mod10_reg[0]/C



---------------------------------------------------------------------------------------------------
From Clock:  clkfbout_clk_wiz_0
  To Clock:  clkfbout_clk_wiz_0

Setup :           NA  Failing Endpoints,  Worst Slack           NA  ,  Total Violation           NA
Hold  :           NA  Failing Endpoints,  Worst Slack           NA  ,  Total Violation           NA
PW    :            0  Failing Endpoints,  Worst Slack        7.845ns,  Total Violation        0.000ns
---------------------------------------------------------------------------------------------------


Pulse Width Checks
--------------------------------------------------------------------------------------
Clock Name:         clkfbout_clk_wiz_0
Waveform(ns):       { 0.000 5.000 }
Period(ns):         10.000
Sources:            { clk_wiz/inst/mmcm_adv_inst/CLKFBOUT }

Check Type  Corner  Lib Pin              Reference Pin  Required(ns)  Actual(ns)  Slack(ns)  Location         Pin
Min Period  n/a     BUFG/I               n/a            2.155         10.000      7.845      BUFGCTRL_X0Y17   clk_wiz/inst/clkf_buf/I
Min Period  n/a     MMCME2_ADV/CLKFBOUT  n/a            1.249         10.000      8.751      MMCME2_ADV_X1Y2  clk_wiz/inst/mmcm_adv_inst/CLKFBOUT
Min Period  n/a     MMCME2_ADV/CLKFBIN   n/a            1.249         10.000      8.751      MMCME2_ADV_X1Y2  clk_wiz/inst/mmcm_adv_inst/CLKFBIN
Max Period  n/a     MMCME2_ADV/CLKFBIN   n/a            100.000       10.000      90.000     MMCME2_ADV_X1Y2  clk_wiz/inst/mmcm_adv_inst/CLKFBIN
Max Period  n/a     MMCME2_ADV/CLKFBOUT  n/a            213.360       10.000      203.360    MMCME2_ADV_X1Y2  clk_wiz/inst/mmcm_adv_inst/CLKFBOUT



--------------------------------------------------------------------------------------
Path Group:  (none)
From Clock:  
  To Clock:  

Max Delay           194 Endpoints
Min Delay           194 Endpoints
--------------------------------------------------------------------------------------


Max Delay Paths
--------------------------------------------------------------------------------------
Slack:                    inf
  Source:                 rst
                            (input port)
  Destination:            gen/encode_ch2/bias_reg[3]/R
  Path Group:             (none)
  Path Type:              Max at Slow Process Corner
  Data Path Delay:        6.802ns  (logic 1.611ns (23.689%)  route 5.191ns (76.311%))
  Logic Levels:           2  (IBUF=1 LUT3=1)

    Location             Delay type                Incr(ns)  Path(ns)    Netlist Resource(s)
  -------------------------------------------------------------------    -------------------
    D9                                                0.000     0.000 r  rst (IN)
                         net (fo=0)                   0.000     0.000    rst
    D9                   IBUF (Prop_ibuf_I_O)         1.487     1.487 r  rst_IBUF_inst/O
                         net (fo=36, routed)          3.927     5.414    scrn/rst_IBUF
    SLICE_X8Y127         LUT3 (Prop_lut3_I0_O)        0.124     5.538 r  scrn/bias[4]_i_1/O
                         net (fo=12, routed)          1.264     6.802    gen/encode_ch2/SR[0]
    SLICE_X4Y123         FDRE                                         r  gen/encode_ch2/bias_reg[3]/R
  -------------------------------------------------------------------    -------------------

Slack:                    inf
  Source:                 rst
                            (input port)
  Destination:            gen/encode_ch2/bias_reg[1]/R
  Path Group:             (none)
  Path Type:              Max at Slow Process Corner
  Data Path Delay:        6.798ns  (logic 1.611ns (23.704%)  route 5.187ns (76.296%))
  Logic Levels:           2  (IBUF=1 LUT3=1)

    Location             Delay type                Incr(ns)  Path(ns)    Netlist Resource(s)
  -------------------------------------------------------------------    -------------------
    D9                                                0.000     0.000 r  rst (IN)
                         net (fo=0)                   0.000     0.000    rst
    D9                   IBUF (Prop_ibuf_I_O)         1.487     1.487 r  rst_IBUF_inst/O
                         net (fo=36, routed)          3.927     5.414    scrn/rst_IBUF
    SLICE_X8Y127         LUT3 (Prop_lut3_I0_O)        0.124     5.538 r  scrn/bias[4]_i_1/O
                         net (fo=12, routed)          1.260     6.798    gen/encode_ch2/SR[0]
    SLICE_X5Y123         FDRE                                         r  gen/encode_ch2/bias_reg[1]/R
  -------------------------------------------------------------------    -------------------

Slack:                    inf
  Source:                 rst
                            (input port)
  Destination:            gen/encode_ch2/bias_reg[4]/R
  Path Group:             (none)
  Path Type:              Max at Slow Process Corner
  Data Path Delay:        6.798ns  (logic 1.611ns (23.704%)  route 5.187ns (76.296%))
  Logic Levels:           2  (IBUF=1 LUT3=1)

    Location             Delay type                Incr(ns)  Path(ns)    Netlist Resource(s)
  -------------------------------------------------------------------    -------------------
    D9                                                0.000     0.000 r  rst (IN)
                         net (fo=0)                   0.000     0.000    rst
    D9                   IBUF (Prop_ibuf_I_O)         1.487     1.487 r  rst_IBUF_inst/O
                         net (fo=36, routed)          3.927     5.414    scrn/rst_IBUF
    SLICE_X8Y127         LUT3 (Prop_lut3_I0_O)        0.124     5.538 r  scrn/bias[4]_i_1/O
                         net (fo=12, routed)          1.260     6.798    gen/encode_ch2/SR[0]
    SLICE_X5Y123         FDRE                                         r  gen/encode_ch2/bias_reg[4]/R
  -------------------------------------------------------------------    -------------------

Slack:                    inf
  Source:                 rst
                            (input port)
  Destination:            gen/encode_ch2/bias_reg[2]/R
  Path Group:             (none)
  Path Type:              Max at Slow Process Corner
  Data Path Delay:        6.610ns  (logic 1.611ns (24.377%)  route 4.999ns (75.623%))
  Logic Levels:           2  (IBUF=1 LUT3=1)

    Location             Delay type                Incr(ns)  Path(ns)    Netlist Resource(s)
  -------------------------------------------------------------------    -------------------
    D9                                                0.000     0.000 r  rst (IN)
                         net (fo=0)                   0.000     0.000    rst
    D9                   IBUF (Prop_ibuf_I_O)         1.487     1.487 r  rst_IBUF_inst/O
                         net (fo=36, routed)          3.927     5.414    scrn/rst_IBUF
    SLICE_X8Y127         LUT3 (Prop_lut3_I0_O)        0.124     5.538 r  scrn/bias[4]_i_1/O
                         net (fo=12, routed)          1.072     6.610    gen/encode_ch2/SR[0]
    SLICE_X4Y124         FDRE                                         r  gen/encode_ch2/bias_reg[2]/R
  -------------------------------------------------------------------    -------------------

Slack:                    inf
  Source:                 scrn/sy_reg[2]/C
                            (rising edge-triggered cell FDRE)
  Destination:            gen/encode_ch2/tmds_reg[0]/D
  Path Group:             (none)
  Path Type:              Max at Slow Process Corner
  Data Path Delay:        6.219ns  (logic 2.071ns (33.302%)  route 4.148ns (66.698%))
  Logic Levels:           7  (CARRY4=3 FDRE=1 LUT2=2 LUT6=1)

    Location             Delay type                Incr(ns)  Path(ns)    Netlist Resource(s)
  -------------------------------------------------------------------    -------------------
    SLICE_X4Y132         FDRE                         0.000     0.000 r  scrn/sy_reg[2]/C
    SLICE_X4Y132         FDRE (Prop_fdre_C_Q)         0.456     0.456 r  scrn/sy_reg[2]/Q
                         net (fo=7, routed)           1.442     1.898    scrn/SY[2]
    SLICE_X6Y134         LUT2 (Prop_lut2_I0_O)        0.124     2.022 r  scrn/de1_carry_i_7/O
                         net (fo=1, routed)           0.000     2.022    scrn/de1_carry_i_7_n_0
    SLICE_X6Y134         CARRY4 (Prop_carry4_S[1]_CO[3])
                                                      0.533     2.555 r  scrn/de1_carry/CO[3]
                         net (fo=1, routed)           0.000     2.555    scrn/de1_carry_n_0
    SLICE_X6Y135         CARRY4 (Prop_carry4_CI_CO[3])
                                                      0.117     2.672 r  scrn/de1_carry__0/CO[3]
                         net (fo=1, routed)           0.000     2.672    scrn/de1_carry__0_n_0
    SLICE_X6Y136         CARRY4 (Prop_carry4_CI_CO[1])
                                                      0.157     2.829 r  scrn/de1_carry__1/CO[1]
                         net (fo=14, routed)          1.065     3.894    scrn/sy_reg[18]_0[0]
    SLICE_X6Y128         LUT2 (Prop_lut2_I0_O)        0.356     4.250 r  scrn/tmds[6]_i_2/O
                         net (fo=20, routed)          1.641     5.891    gen/encode_ch2/tmds_reg[4]_1
    SLICE_X3Y124         LUT6 (Prop_lut6_I5_O)        0.328     6.219 r  gen/encode_ch2/tmds[0]_i_1__1/O
                         net (fo=1, routed)           0.000     6.219    gen/encode_ch2/tmds[0]_i_1__1_n_0
    SLICE_X3Y124         FDRE                                         r  gen/encode_ch2/tmds_reg[0]/D
  -------------------------------------------------------------------    -------------------

Slack:                    inf
  Source:                 scrn/sy_reg[2]/C
                            (rising edge-triggered cell FDRE)
  Destination:            dvi_r_reg[0]/R
  Path Group:             (none)
  Path Type:              Max at Slow Process Corner
  Data Path Delay:        6.131ns  (logic 2.071ns (33.781%)  route 4.060ns (66.219%))
  Logic Levels:           7  (CARRY4=3 FDRE=1 LUT2=2 LUT6=1)

    Location             Delay type                Incr(ns)  Path(ns)    Netlist Resource(s)
  -------------------------------------------------------------------    -------------------
    SLICE_X4Y132         FDRE                         0.000     0.000 r  scrn/sy_reg[2]/C
    SLICE_X4Y132         FDRE (Prop_fdre_C_Q)         0.456     0.456 r  scrn/sy_reg[2]/Q
                         net (fo=7, routed)           1.442     1.898    scrn/SY[2]
    SLICE_X6Y134         LUT2 (Prop_lut2_I0_O)        0.124     2.022 r  scrn/de1_carry_i_7/O
                         net (fo=1, routed)           0.000     2.022    scrn/de1_carry_i_7_n_0
    SLICE_X6Y134         CARRY4 (Prop_carry4_S[1]_CO[3])
                                                      0.533     2.555 r  scrn/de1_carry/CO[3]
                         net (fo=1, routed)           0.000     2.555    scrn/de1_carry_n_0
    SLICE_X6Y135         CARRY4 (Prop_carry4_CI_CO[3])
                                                      0.117     2.672 r  scrn/de1_carry__0/CO[3]
                         net (fo=1, routed)           0.000     2.672    scrn/de1_carry__0_n_0
    SLICE_X6Y136         CARRY4 (Prop_carry4_CI_CO[1])
                                                      0.157     2.829 f  scrn/de1_carry__1/CO[1]
                         net (fo=14, routed)          1.065     3.894    scrn/sy_reg[18]_0[0]
    SLICE_X6Y128         LUT2 (Prop_lut2_I0_O)        0.356     4.250 f  scrn/tmds[6]_i_2/O
                         net (fo=20, routed)          0.703     4.953    scrn/de1_inferred__0/i__carry__1_0
    SLICE_X6Y129         LUT6 (Prop_lut6_I0_O)        0.328     5.281 r  scrn/dvi_g[3]_i_1/O
                         net (fo=7, routed)           0.850     6.131    scrn_n_5
    SLICE_X3Y128         FDRE                                         r  dvi_r_reg[0]/R
  -------------------------------------------------------------------    -------------------

Slack:                    inf
  Source:                 scrn/sy_reg[2]/C
                            (rising edge-triggered cell FDRE)
  Destination:            dvi_r_reg[2]/R
  Path Group:             (none)
  Path Type:              Max at Slow Process Corner
  Data Path Delay:        6.131ns  (logic 2.071ns (33.781%)  route 4.060ns (66.219%))
  Logic Levels:           7  (CARRY4=3 FDRE=1 LUT2=2 LUT6=1)

    Location             Delay type                Incr(ns)  Path(ns)    Netlist Resource(s)
  -------------------------------------------------------------------    -------------------
    SLICE_X4Y132         FDRE                         0.000     0.000 r  scrn/sy_reg[2]/C
    SLICE_X4Y132         FDRE (Prop_fdre_C_Q)         0.456     0.456 r  scrn/sy_reg[2]/Q
                         net (fo=7, routed)           1.442     1.898    scrn/SY[2]
    SLICE_X6Y134         LUT2 (Prop_lut2_I0_O)        0.124     2.022 r  scrn/de1_carry_i_7/O
                         net (fo=1, routed)           0.000     2.022    scrn/de1_carry_i_7_n_0
    SLICE_X6Y134         CARRY4 (Prop_carry4_S[1]_CO[3])
                                                      0.533     2.555 r  scrn/de1_carry/CO[3]
                         net (fo=1, routed)           0.000     2.555    scrn/de1_carry_n_0
    SLICE_X6Y135         CARRY4 (Prop_carry4_CI_CO[3])
                                                      0.117     2.672 r  scrn/de1_carry__0/CO[3]
                         net (fo=1, routed)           0.000     2.672    scrn/de1_carry__0_n_0
    SLICE_X6Y136         CARRY4 (Prop_carry4_CI_CO[1])
                                                      0.157     2.829 f  scrn/de1_carry__1/CO[1]
                         net (fo=14, routed)          1.065     3.894    scrn/sy_reg[18]_0[0]
    SLICE_X6Y128         LUT2 (Prop_lut2_I0_O)        0.356     4.250 f  scrn/tmds[6]_i_2/O
                         net (fo=20, routed)          0.703     4.953    scrn/de1_inferred__0/i__carry__1_0
    SLICE_X6Y129         LUT6 (Prop_lut6_I0_O)        0.328     5.281 r  scrn/dvi_g[3]_i_1/O
                         net (fo=7, routed)           0.850     6.131    scrn_n_5
    SLICE_X3Y128         FDRE                                         r  dvi_r_reg[2]/R
  -------------------------------------------------------------------    -------------------

Slack:                    inf
  Source:                 scrn/sy_reg[2]/C
                            (rising edge-triggered cell FDRE)
  Destination:            dvi_g_reg[1]/R
  Path Group:             (none)
  Path Type:              Max at Slow Process Corner
  Data Path Delay:        6.116ns  (logic 2.071ns (33.864%)  route 4.045ns (66.136%))
  Logic Levels:           7  (CARRY4=3 FDRE=1 LUT2=2 LUT6=1)

    Location             Delay type                Incr(ns)  Path(ns)    Netlist Resource(s)
  -------------------------------------------------------------------    -------------------
    SLICE_X4Y132         FDRE                         0.000     0.000 r  scrn/sy_reg[2]/C
    SLICE_X4Y132         FDRE (Prop_fdre_C_Q)         0.456     0.456 r  scrn/sy_reg[2]/Q
                         net (fo=7, routed)           1.442     1.898    scrn/SY[2]
    SLICE_X6Y134         LUT2 (Prop_lut2_I0_O)        0.124     2.022 r  scrn/de1_carry_i_7/O
                         net (fo=1, routed)           0.000     2.022    scrn/de1_carry_i_7_n_0
    SLICE_X6Y134         CARRY4 (Prop_carry4_S[1]_CO[3])
                                                      0.533     2.555 r  scrn/de1_carry/CO[3]
                         net (fo=1, routed)           0.000     2.555    scrn/de1_carry_n_0
    SLICE_X6Y135         CARRY4 (Prop_carry4_CI_CO[3])
                                                      0.117     2.672 r  scrn/de1_carry__0/CO[3]
                         net (fo=1, routed)           0.000     2.672    scrn/de1_carry__0_n_0
    SLICE_X6Y136         CARRY4 (Prop_carry4_CI_CO[1])
                                                      0.157     2.829 f  scrn/de1_carry__1/CO[1]
                         net (fo=14, routed)          1.065     3.894    scrn/sy_reg[18]_0[0]
    SLICE_X6Y128         LUT2 (Prop_lut2_I0_O)        0.356     4.250 f  scrn/tmds[6]_i_2/O
                         net (fo=20, routed)          0.703     4.953    scrn/de1_inferred__0/i__carry__1_0
    SLICE_X6Y129         LUT6 (Prop_lut6_I0_O)        0.328     5.281 r  scrn/dvi_g[3]_i_1/O
                         net (fo=7, routed)           0.835     6.116    scrn_n_5
    SLICE_X7Y129         FDRE                                         r  dvi_g_reg[1]/R
  -------------------------------------------------------------------    -------------------

Slack:                    inf
  Source:                 scrn/sy_reg[2]/C
                            (rising edge-triggered cell FDRE)
  Destination:            dvi_g_reg[3]/R
  Path Group:             (none)
  Path Type:              Max at Slow Process Corner
  Data Path Delay:        6.116ns  (logic 2.071ns (33.864%)  route 4.045ns (66.136%))
  Logic Levels:           7  (CARRY4=3 FDRE=1 LUT2=2 LUT6=1)

    Location             Delay type                Incr(ns)  Path(ns)    Netlist Resource(s)
  -------------------------------------------------------------------    -------------------
    SLICE_X4Y132         FDRE                         0.000     0.000 r  scrn/sy_reg[2]/C
    SLICE_X4Y132         FDRE (Prop_fdre_C_Q)         0.456     0.456 r  scrn/sy_reg[2]/Q
                         net (fo=7, routed)           1.442     1.898    scrn/SY[2]
    SLICE_X6Y134         LUT2 (Prop_lut2_I0_O)        0.124     2.022 r  scrn/de1_carry_i_7/O
                         net (fo=1, routed)           0.000     2.022    scrn/de1_carry_i_7_n_0
    SLICE_X6Y134         CARRY4 (Prop_carry4_S[1]_CO[3])
                                                      0.533     2.555 r  scrn/de1_carry/CO[3]
                         net (fo=1, routed)           0.000     2.555    scrn/de1_carry_n_0
    SLICE_X6Y135         CARRY4 (Prop_carry4_CI_CO[3])
                                                      0.117     2.672 r  scrn/de1_carry__0/CO[3]
                         net (fo=1, routed)           0.000     2.672    scrn/de1_carry__0_n_0
    SLICE_X6Y136         CARRY4 (Prop_carry4_CI_CO[1])
                                                      0.157     2.829 f  scrn/de1_carry__1/CO[1]
                         net (fo=14, routed)          1.065     3.894    scrn/sy_reg[18]_0[0]
    SLICE_X6Y128         LUT2 (Prop_lut2_I0_O)        0.356     4.250 f  scrn/tmds[6]_i_2/O
                         net (fo=20, routed)          0.703     4.953    scrn/de1_inferred__0/i__carry__1_0
    SLICE_X6Y129         LUT6 (Prop_lut6_I0_O)        0.328     5.281 r  scrn/dvi_g[3]_i_1/O
                         net (fo=7, routed)           0.835     6.116    scrn_n_5
    SLICE_X7Y129         FDRE                                         r  dvi_g_reg[3]/R
  -------------------------------------------------------------------    -------------------

Slack:                    inf
  Source:                 rst
                            (input port)
  Destination:            gen/encode_ch0/bias_reg[1]/R
  Path Group:             (none)
  Path Type:              Max at Slow Process Corner
  Data Path Delay:        6.112ns  (logic 1.611ns (26.364%)  route 4.501ns (73.636%))
  Logic Levels:           2  (IBUF=1 LUT3=1)

    Location             Delay type                Incr(ns)  Path(ns)    Netlist Resource(s)
  -------------------------------------------------------------------    -------------------
    D9                                                0.000     0.000 r  rst (IN)
                         net (fo=0)                   0.000     0.000    rst
    D9                   IBUF (Prop_ibuf_I_O)         1.487     1.487 r  rst_IBUF_inst/O
                         net (fo=36, routed)          3.927     5.414    scrn/rst_IBUF
    SLICE_X8Y127         LUT3 (Prop_lut3_I0_O)        0.124     5.538 r  scrn/bias[4]_i_1/O
                         net (fo=12, routed)          0.574     6.112    gen/encode_ch0/SR[0]
    SLICE_X6Y127         FDRE                                         r  gen/encode_ch0/bias_reg[1]/R
  -------------------------------------------------------------------    -------------------





Min Delay Paths
--------------------------------------------------------------------------------------
Slack:                    inf
  Source:                 scrn/sx_reg[6]/C
                            (rising edge-triggered cell FDRE)
  Destination:            dvi_r_reg[1]/D
  Path Group:             (none)
  Path Type:              Min at Fast Process Corner
  Data Path Delay:        0.292ns  (logic 0.141ns (48.306%)  route 0.151ns (51.694%))
  Logic Levels:           1  (FDRE=1)

    Location             Delay type                Incr(ns)  Path(ns)    Netlist Resource(s)
  -------------------------------------------------------------------    -------------------
    SLICE_X5Y128         FDRE                         0.000     0.000 r  scrn/sx_reg[6]/C
    SLICE_X5Y128         FDRE (Prop_fdre_C_Q)         0.141     0.141 r  scrn/sx_reg[6]/Q
                         net (fo=9, routed)           0.151     0.292    SX[6]
    SLICE_X4Y128         FDRE                                         r  dvi_r_reg[1]/D
  -------------------------------------------------------------------    -------------------

Slack:                    inf
  Source:                 scrn/sx_reg[5]/C
                            (rising edge-triggered cell FDRE)
  Destination:            dvi_r_reg[0]/D
  Path Group:             (none)
  Path Type:              Min at Fast Process Corner
  Data Path Delay:        0.302ns  (logic 0.141ns (46.766%)  route 0.161ns (53.234%))
  Logic Levels:           1  (FDRE=1)

    Location             Delay type                Incr(ns)  Path(ns)    Netlist Resource(s)
  -------------------------------------------------------------------    -------------------
    SLICE_X5Y128         FDRE                         0.000     0.000 r  scrn/sx_reg[5]/C
    SLICE_X5Y128         FDRE (Prop_fdre_C_Q)         0.141     0.141 r  scrn/sx_reg[5]/Q
                         net (fo=9, routed)           0.161     0.302    SX[5]
    SLICE_X3Y128         FDRE                                         r  dvi_r_reg[0]/D
  -------------------------------------------------------------------    -------------------

Slack:                    inf
  Source:                 gen/encode_ch0/bias_reg[2]/C
                            (rising edge-triggered cell FDRE)
  Destination:            gen/encode_ch0/bias_reg[4]/D
  Path Group:             (none)
  Path Type:              Min at Fast Process Corner
  Data Path Delay:        0.332ns  (logic 0.246ns (74.207%)  route 0.086ns (25.793%))
  Logic Levels:           2  (FDRE=1 LUT6=1)

    Location             Delay type                Incr(ns)  Path(ns)    Netlist Resource(s)
  -------------------------------------------------------------------    -------------------
    SLICE_X6Y127         FDRE                         0.000     0.000 r  gen/encode_ch0/bias_reg[2]/C
    SLICE_X6Y127         FDRE (Prop_fdre_C_Q)         0.148     0.148 f  gen/encode_ch0/bias_reg[2]/Q
                         net (fo=3, routed)           0.086     0.234    gen/encode_ch0/bias[2]
    SLICE_X6Y127         LUT6 (Prop_lut6_I2_O)        0.098     0.332 r  gen/encode_ch0/bias[4]_i_2/O
                         net (fo=1, routed)           0.000     0.332    gen/encode_ch0/bias[4]_i_2_n_0
    SLICE_X6Y127         FDRE                                         r  gen/encode_ch0/bias_reg[4]/D
  -------------------------------------------------------------------    -------------------

Slack:                    inf
  Source:                 dvi_r_reg[1]/C
                            (rising edge-triggered cell FDRE)
  Destination:            gen/encode_ch2/tmds_reg[2]/D
  Path Group:             (none)
  Path Type:              Min at Fast Process Corner
  Data Path Delay:        0.350ns  (logic 0.186ns (53.108%)  route 0.164ns (46.892%))
  Logic Levels:           2  (FDRE=1 LUT5=1)

    Location             Delay type                Incr(ns)  Path(ns)    Netlist Resource(s)
  -------------------------------------------------------------------    -------------------
    SLICE_X4Y128         FDRE                         0.000     0.000 r  dvi_r_reg[1]/C
    SLICE_X4Y128         FDRE (Prop_fdre_C_Q)         0.141     0.141 r  dvi_r_reg[1]/Q
                         net (fo=24, routed)          0.164     0.305    scrn/dvi_r[1]
    SLICE_X4Y126         LUT5 (Prop_lut5_I2_O)        0.045     0.350 r  scrn/tmds[2]_i_1__0/O
                         net (fo=1, routed)           0.000     0.350    gen/encode_ch2/tmds_reg[2]_1
    SLICE_X4Y126         FDSE                                         r  gen/encode_ch2/tmds_reg[2]/D
  -------------------------------------------------------------------    -------------------

Slack:                    inf
  Source:                 dvi_r_reg[0]/C
                            (rising edge-triggered cell FDRE)
  Destination:            gen/encode_ch2/tmds_reg[1]/D
  Path Group:             (none)
  Path Type:              Min at Fast Process Corner
  Data Path Delay:        0.351ns  (logic 0.186ns (52.994%)  route 0.165ns (47.006%))
  Logic Levels:           2  (FDRE=1 LUT6=1)

    Location             Delay type                Incr(ns)  Path(ns)    Netlist Resource(s)
  -------------------------------------------------------------------    -------------------
    SLICE_X3Y128         FDRE                         0.000     0.000 r  dvi_r_reg[0]/C
    SLICE_X3Y128         FDRE (Prop_fdre_C_Q)         0.141     0.141 r  dvi_r_reg[0]/Q
                         net (fo=18, routed)          0.165     0.306    scrn/dvi_r[0]
    SLICE_X4Y127         LUT6 (Prop_lut6_I5_O)        0.045     0.351 r  scrn/tmds[1]_i_1/O
                         net (fo=1, routed)           0.000     0.351    gen/encode_ch2/tmds_reg[1]_1
    SLICE_X4Y127         FDRE                                         r  gen/encode_ch2/tmds_reg[1]/D
  -------------------------------------------------------------------    -------------------

Slack:                    inf
  Source:                 scrn/sx_reg[9]/C
                            (rising edge-triggered cell FDRE)
  Destination:            dvi_g_reg[0]/D
  Path Group:             (none)
  Path Type:              Min at Fast Process Corner
  Data Path Delay:        0.362ns  (logic 0.186ns (51.319%)  route 0.176ns (48.681%))
  Logic Levels:           2  (FDRE=1 LUT6=1)

    Location             Delay type                Incr(ns)  Path(ns)    Netlist Resource(s)
  -------------------------------------------------------------------    -------------------
    SLICE_X5Y129         FDRE                         0.000     0.000 r  scrn/sx_reg[9]/C
    SLICE_X5Y129         FDRE (Prop_fdre_C_Q)         0.141     0.141 r  scrn/sx_reg[9]/Q
                         net (fo=10, routed)          0.176     0.317    scrn/SX[9]
    SLICE_X6Y129         LUT6 (Prop_lut6_I2_O)        0.045     0.362 r  scrn/dvi_g[0]_i_1/O
                         net (fo=1, routed)           0.000     0.362    scrn_n_14
    SLICE_X6Y129         FDRE                                         r  dvi_g_reg[0]/D
  -------------------------------------------------------------------    -------------------

Slack:                    inf
  Source:                 scrn/sx_reg[8]/C
                            (rising edge-triggered cell FDRE)
  Destination:            dvi_r_reg[3]/D
  Path Group:             (none)
  Path Type:              Min at Fast Process Corner
  Data Path Delay:        0.366ns  (logic 0.141ns (38.527%)  route 0.225ns (61.473%))
  Logic Levels:           1  (FDRE=1)

    Location             Delay type                Incr(ns)  Path(ns)    Netlist Resource(s)
  -------------------------------------------------------------------    -------------------
    SLICE_X5Y129         FDRE                         0.000     0.000 r  scrn/sx_reg[8]/C
    SLICE_X5Y129         FDRE (Prop_fdre_C_Q)         0.141     0.141 r  scrn/sx_reg[8]/Q
                         net (fo=9, routed)           0.225     0.366    SX[8]
    SLICE_X4Y128         FDRE                                         r  dvi_r_reg[3]/D
  -------------------------------------------------------------------    -------------------

Slack:                    inf
  Source:                 scrn/sx_reg[15]/C
                            (rising edge-triggered cell FDRE)
  Destination:            scrn/sx_reg[15]/D
  Path Group:             (none)
  Path Type:              Min at Fast Process Corner
  Data Path Delay:        0.369ns  (logic 0.249ns (67.424%)  route 0.120ns (32.576%))
  Logic Levels:           2  (CARRY4=1 FDRE=1)

    Location             Delay type                Incr(ns)  Path(ns)    Netlist Resource(s)
  -------------------------------------------------------------------    -------------------
    SLICE_X5Y130         FDRE                         0.000     0.000 r  scrn/sx_reg[15]/C
    SLICE_X5Y130         FDRE (Prop_fdre_C_Q)         0.141     0.141 r  scrn/sx_reg[15]/Q
                         net (fo=6, routed)           0.120     0.261    scrn/sx_reg_n_0_[15]
    SLICE_X5Y130         CARRY4 (Prop_carry4_S[3]_O[3])
                                                      0.108     0.369 r  scrn/sx_reg[12]_i_1/O[3]
                         net (fo=1, routed)           0.000     0.369    scrn/sx_reg[12]_i_1_n_4
    SLICE_X5Y130         FDRE                                         r  scrn/sx_reg[15]/D
  -------------------------------------------------------------------    -------------------

Slack:                    inf
  Source:                 scrn/sx_reg[14]/C
                            (rising edge-triggered cell FDRE)
  Destination:            scrn/sx_reg[14]/D
  Path Group:             (none)
  Path Type:              Min at Fast Process Corner
  Data Path Delay:        0.374ns  (logic 0.252ns (67.467%)  route 0.122ns (32.533%))
  Logic Levels:           2  (CARRY4=1 FDRE=1)

    Location             Delay type                Incr(ns)  Path(ns)    Netlist Resource(s)
  -------------------------------------------------------------------    -------------------
    SLICE_X5Y130         FDRE                         0.000     0.000 r  scrn/sx_reg[14]/C
    SLICE_X5Y130         FDRE (Prop_fdre_C_Q)         0.141     0.141 r  scrn/sx_reg[14]/Q
                         net (fo=6, routed)           0.122     0.263    scrn/sx_reg_n_0_[14]
    SLICE_X5Y130         CARRY4 (Prop_carry4_S[2]_O[2])
                                                      0.111     0.374 r  scrn/sx_reg[12]_i_1/O[2]
                         net (fo=1, routed)           0.000     0.374    scrn/sx_reg[12]_i_1_n_5
    SLICE_X5Y130         FDRE                                         r  scrn/sx_reg[14]/D
  -------------------------------------------------------------------    -------------------

Slack:                    inf
  Source:                 gen/encode_ch1/bias_reg[1]/C
                            (rising edge-triggered cell FDRE)
  Destination:            gen/encode_ch1/bias_reg[1]/D
  Path Group:             (none)
  Path Type:              Min at Fast Process Corner
  Data Path Delay:        0.377ns  (logic 0.186ns (49.274%)  route 0.191ns (50.726%))
  Logic Levels:           2  (FDRE=1 LUT6=1)

    Location             Delay type                Incr(ns)  Path(ns)    Netlist Resource(s)
  -------------------------------------------------------------------    -------------------
    SLICE_X9Y125         FDRE                         0.000     0.000 r  gen/encode_ch1/bias_reg[1]/C
    SLICE_X9Y125         FDRE (Prop_fdre_C_Q)         0.141     0.141 r  gen/encode_ch1/bias_reg[1]/Q
                         net (fo=7, routed)           0.191     0.332    gen/encode_ch1/bias_reg_n_0_[1]
    SLICE_X9Y125         LUT6 (Prop_lut6_I5_O)        0.045     0.377 r  gen/encode_ch1/bias[1]_i_1__0/O
                         net (fo=1, routed)           0.000     0.377    gen/encode_ch1/bias[1]_i_1__0_n_0
    SLICE_X9Y125         FDRE                                         r  gen/encode_ch1/bias_reg[1]/D
  -------------------------------------------------------------------    -------------------





--------------------------------------------------------------------------------------
Path Group:  (none)
From Clock:  clk_out1_clk_wiz_0
  To Clock:  

Max Delay             8 Endpoints
Min Delay             8 Endpoints
--------------------------------------------------------------------------------------


Max Delay Paths
--------------------------------------------------------------------------------------
Slack:                    inf
  Source:                 gen/serialize_ch0/serialized_reg/C
                            (rising edge-triggered cell FDRE clocked by clk_out1_clk_wiz_0  {rise@0.000ns fall@2.000ns period=4.000ns})
  Destination:            ch0_n
                            (output port)
  Path Group:             (none)
  Path Type:              Max at Slow Process Corner
  Data Path Delay:        5.093ns  (logic 2.383ns (46.783%)  route 2.710ns (53.217%))
  Logic Levels:           1  (OBUFDS=1)
  Clock Uncertainty:      0.159ns  ((TSJ^2 + DJ^2)^1/2) / 2 + PE
    Total System Jitter     (TSJ):    0.050ns
    Discrete Jitter          (DJ):    0.110ns
    Phase Error              (PE):    0.099ns

    Location             Delay type                Incr(ns)  Path(ns)    Netlist Resource(s)
  -------------------------------------------------------------------    -------------------
                         (clock clk_out1_clk_wiz_0 rise edge)
                                                      0.000     0.000 r  
    E3                                                0.000     0.000 r  clk (IN)
                         net (fo=0)                   0.000     0.000    clk_wiz/inst/clk_in1
    E3                   IBUF (Prop_ibuf_I_O)         1.482     1.482 r  clk_wiz/inst/clkin1_ibufg/O
                         net (fo=1, routed)           1.233     2.715    clk_wiz/inst/clk_in1_clk_wiz_0
    MMCME2_ADV_X1Y2      MMCME2_ADV (Prop_mmcme2_adv_CLKIN1_CLKOUT0)
                                                     -7.070    -4.355 r  clk_wiz/inst/mmcm_adv_inst/CLKOUT0
                         net (fo=1, routed)           1.719    -2.636    clk_wiz/inst/clk_out1_clk_wiz_0
    BUFGCTRL_X0Y16       BUFG (Prop_bufg_I_O)         0.096    -2.540 r  clk_wiz/inst/clkout1_buf/O
                         net (fo=63, routed)          1.697    -0.843    gen/serialize_ch0/clk_out1
    SLICE_X2Y130         FDRE                                         r  gen/serialize_ch0/serialized_reg/C
  -------------------------------------------------------------------    -------------------
    SLICE_X2Y130         FDRE (Prop_fdre_C_Q)         0.518    -0.325 r  gen/serialize_ch0/serialized_reg/Q
                         net (fo=1, routed)           2.710     2.385    gen/differential_ch0/ch0
    J17                  OBUFDS (Prop_obufds_I_OB)    1.865     4.250 r  gen/differential_ch0/OBUFDS_inst/OB
                         net (fo=0)                   0.000     4.250    ch0_n
    J18                                                               r  ch0_n (OUT)
  -------------------------------------------------------------------    -------------------

Slack:                    inf
  Source:                 gen/serialize_ch0/serialized_reg/C
                            (rising edge-triggered cell FDRE clocked by clk_out1_clk_wiz_0  {rise@0.000ns fall@2.000ns period=4.000ns})
  Destination:            ch0_p
                            (output port)
  Path Group:             (none)
  Path Type:              Max at Slow Process Corner
  Data Path Delay:        5.092ns  (logic 2.382ns (46.773%)  route 2.710ns (53.227%))
  Logic Levels:           1  (OBUFDS=1)
  Clock Uncertainty:      0.159ns  ((TSJ^2 + DJ^2)^1/2) / 2 + PE
    Total System Jitter     (TSJ):    0.050ns
    Discrete Jitter          (DJ):    0.110ns
    Phase Error              (PE):    0.099ns

    Location             Delay type                Incr(ns)  Path(ns)    Netlist Resource(s)
  -------------------------------------------------------------------    -------------------
                         (clock clk_out1_clk_wiz_0 rise edge)
                                                      0.000     0.000 r  
    E3                                                0.000     0.000 r  clk (IN)
                         net (fo=0)                   0.000     0.000    clk_wiz/inst/clk_in1
    E3                   IBUF (Prop_ibuf_I_O)         1.482     1.482 r  clk_wiz/inst/clkin1_ibufg/O
                         net (fo=1, routed)           1.233     2.715    clk_wiz/inst/clk_in1_clk_wiz_0
    MMCME2_ADV_X1Y2      MMCME2_ADV (Prop_mmcme2_adv_CLKIN1_CLKOUT0)
                                                     -7.070    -4.355 r  clk_wiz/inst/mmcm_adv_inst/CLKOUT0
                         net (fo=1, routed)           1.719    -2.636    clk_wiz/inst/clk_out1_clk_wiz_0
    BUFGCTRL_X0Y16       BUFG (Prop_bufg_I_O)         0.096    -2.540 r  clk_wiz/inst/clkout1_buf/O
                         net (fo=63, routed)          1.697    -0.843    gen/serialize_ch0/clk_out1
    SLICE_X2Y130         FDRE                                         r  gen/serialize_ch0/serialized_reg/C
  -------------------------------------------------------------------    -------------------
    SLICE_X2Y130         FDRE (Prop_fdre_C_Q)         0.518    -0.325 r  gen/serialize_ch0/serialized_reg/Q
                         net (fo=1, routed)           2.710     2.385    gen/differential_ch0/ch0
    J17                  OBUFDS (Prop_obufds_I_O)     1.864     4.249 r  gen/differential_ch0/OBUFDS_inst/O
                         net (fo=0)                   0.000     4.249    ch0_p
    J17                                                               r  ch0_p (OUT)
  -------------------------------------------------------------------    -------------------

Slack:                    inf
  Source:                 gen/serialize_chc/serialized_reg/C
                            (rising edge-triggered cell FDRE clocked by clk_out1_clk_wiz_0  {rise@0.000ns fall@2.000ns period=4.000ns})
  Destination:            chc_n
                            (output port)
  Path Group:             (none)
  Path Type:              Max at Slow Process Corner
  Data Path Delay:        4.621ns  (logic 2.320ns (50.211%)  route 2.301ns (49.789%))
  Logic Levels:           1  (OBUFDS=1)
  Clock Uncertainty:      0.159ns  ((TSJ^2 + DJ^2)^1/2) / 2 + PE
    Total System Jitter     (TSJ):    0.050ns
    Discrete Jitter          (DJ):    0.110ns
    Phase Error              (PE):    0.099ns

    Location             Delay type                Incr(ns)  Path(ns)    Netlist Resource(s)
  -------------------------------------------------------------------    -------------------
                         (clock clk_out1_clk_wiz_0 rise edge)
                                                      0.000     0.000 r  
    E3                                                0.000     0.000 r  clk (IN)
                         net (fo=0)                   0.000     0.000    clk_wiz/inst/clk_in1
    E3                   IBUF (Prop_ibuf_I_O)         1.482     1.482 r  clk_wiz/inst/clkin1_ibufg/O
                         net (fo=1, routed)           1.233     2.715    clk_wiz/inst/clk_in1_clk_wiz_0
    MMCME2_ADV_X1Y2      MMCME2_ADV (Prop_mmcme2_adv_CLKIN1_CLKOUT0)
                                                     -7.070    -4.355 r  clk_wiz/inst/mmcm_adv_inst/CLKOUT0
                         net (fo=1, routed)           1.719    -2.636    clk_wiz/inst/clk_out1_clk_wiz_0
    BUFGCTRL_X0Y16       BUFG (Prop_bufg_I_O)         0.096    -2.540 r  clk_wiz/inst/clkout1_buf/O
                         net (fo=63, routed)          1.697    -0.843    gen/serialize_chc/clk_out1
    SLICE_X0Y119         FDRE                                         r  gen/serialize_chc/serialized_reg/C
  -------------------------------------------------------------------    -------------------
    SLICE_X0Y119         FDRE (Prop_fdre_C_Q)         0.456    -0.387 r  gen/serialize_chc/serialized_reg/Q
                         net (fo=1, routed)           2.301     1.914    gen/differential_chc/chc
    K15                  OBUFDS (Prop_obufds_I_OB)    1.864     3.778 r  gen/differential_chc/OBUFDS_inst/OB
                         net (fo=0)                   0.000     3.778    chc_n
    J15                                                               r  chc_n (OUT)
  -------------------------------------------------------------------    -------------------

Slack:                    inf
  Source:                 gen/serialize_chc/serialized_reg/C
                            (rising edge-triggered cell FDRE clocked by clk_out1_clk_wiz_0  {rise@0.000ns fall@2.000ns period=4.000ns})
  Destination:            chc_p
                            (output port)
  Path Group:             (none)
  Path Type:              Max at Slow Process Corner
  Data Path Delay:        4.620ns  (logic 2.319ns (50.200%)  route 2.301ns (49.800%))
  Logic Levels:           1  (OBUFDS=1)
  Clock Uncertainty:      0.159ns  ((TSJ^2 + DJ^2)^1/2) / 2 + PE
    Total System Jitter     (TSJ):    0.050ns
    Discrete Jitter          (DJ):    0.110ns
    Phase Error              (PE):    0.099ns

    Location             Delay type                Incr(ns)  Path(ns)    Netlist Resource(s)
  -------------------------------------------------------------------    -------------------
                         (clock clk_out1_clk_wiz_0 rise edge)
                                                      0.000     0.000 r  
    E3                                                0.000     0.000 r  clk (IN)
                         net (fo=0)                   0.000     0.000    clk_wiz/inst/clk_in1
    E3                   IBUF (Prop_ibuf_I_O)         1.482     1.482 r  clk_wiz/inst/clkin1_ibufg/O
                         net (fo=1, routed)           1.233     2.715    clk_wiz/inst/clk_in1_clk_wiz_0
    MMCME2_ADV_X1Y2      MMCME2_ADV (Prop_mmcme2_adv_CLKIN1_CLKOUT0)
                                                     -7.070    -4.355 r  clk_wiz/inst/mmcm_adv_inst/CLKOUT0
                         net (fo=1, routed)           1.719    -2.636    clk_wiz/inst/clk_out1_clk_wiz_0
    BUFGCTRL_X0Y16       BUFG (Prop_bufg_I_O)         0.096    -2.540 r  clk_wiz/inst/clkout1_buf/O
                         net (fo=63, routed)          1.697    -0.843    gen/serialize_chc/clk_out1
    SLICE_X0Y119         FDRE                                         r  gen/serialize_chc/serialized_reg/C
  -------------------------------------------------------------------    -------------------
    SLICE_X0Y119         FDRE (Prop_fdre_C_Q)         0.456    -0.387 r  gen/serialize_chc/serialized_reg/Q
                         net (fo=1, routed)           2.301     1.914    gen/differential_chc/chc
    K15                  OBUFDS (Prop_obufds_I_O)     1.863     3.777 r  gen/differential_chc/OBUFDS_inst/O
                         net (fo=0)                   0.000     3.777    chc_p
    K15                                                               r  chc_p (OUT)
  -------------------------------------------------------------------    -------------------

Slack:                    inf
  Source:                 gen/serialize_ch1/serialized_reg/C
                            (rising edge-triggered cell FDRE clocked by clk_out1_clk_wiz_0  {rise@0.000ns fall@2.000ns period=4.000ns})
  Destination:            ch1_n
                            (output port)
  Path Group:             (none)
  Path Type:              Max at Slow Process Corner
  Data Path Delay:        4.265ns  (logic 2.323ns (54.468%)  route 1.942ns (45.532%))
  Logic Levels:           1  (OBUFDS=1)
  Clock Uncertainty:      0.159ns  ((TSJ^2 + DJ^2)^1/2) / 2 + PE
    Total System Jitter     (TSJ):    0.050ns
    Discrete Jitter          (DJ):    0.110ns
    Phase Error              (PE):    0.099ns

    Location             Delay type                Incr(ns)  Path(ns)    Netlist Resource(s)
  -------------------------------------------------------------------    -------------------
                         (clock clk_out1_clk_wiz_0 rise edge)
                                                      0.000     0.000 r  
    E3                                                0.000     0.000 r  clk (IN)
                         net (fo=0)                   0.000     0.000    clk_wiz/inst/clk_in1
    E3                   IBUF (Prop_ibuf_I_O)         1.482     1.482 r  clk_wiz/inst/clkin1_ibufg/O
                         net (fo=1, routed)           1.233     2.715    clk_wiz/inst/clk_in1_clk_wiz_0
    MMCME2_ADV_X1Y2      MMCME2_ADV (Prop_mmcme2_adv_CLKIN1_CLKOUT0)
                                                     -7.070    -4.355 r  clk_wiz/inst/mmcm_adv_inst/CLKOUT0
                         net (fo=1, routed)           1.719    -2.636    clk_wiz/inst/clk_out1_clk_wiz_0
    BUFGCTRL_X0Y16       BUFG (Prop_bufg_I_O)         0.096    -2.540 r  clk_wiz/inst/clkout1_buf/O
                         net (fo=63, routed)          1.613    -0.927    gen/serialize_ch1/clk_out1
    SLICE_X11Y126        FDRE                                         r  gen/serialize_ch1/serialized_reg/C
  -------------------------------------------------------------------    -------------------
    SLICE_X11Y126        FDRE (Prop_fdre_C_Q)         0.456    -0.471 r  gen/serialize_ch1/serialized_reg/Q
                         net (fo=1, routed)           1.942     1.471    gen/differential_ch1/ch1
    D15                  OBUFDS (Prop_obufds_I_OB)    1.867     3.338 r  gen/differential_ch1/OBUFDS_inst/OB
                         net (fo=0)                   0.000     3.338    ch1_n
    C15                                                               r  ch1_n (OUT)
  -------------------------------------------------------------------    -------------------

Slack:                    inf
  Source:                 gen/serialize_ch1/serialized_reg/C
                            (rising edge-triggered cell FDRE clocked by clk_out1_clk_wiz_0  {rise@0.000ns fall@2.000ns period=4.000ns})
  Destination:            ch1_p
                            (output port)
  Path Group:             (none)
  Path Type:              Max at Slow Process Corner
  Data Path Delay:        4.264ns  (logic 2.322ns (54.457%)  route 1.942ns (45.543%))
  Logic Levels:           1  (OBUFDS=1)
  Clock Uncertainty:      0.159ns  ((TSJ^2 + DJ^2)^1/2) / 2 + PE
    Total System Jitter     (TSJ):    0.050ns
    Discrete Jitter          (DJ):    0.110ns
    Phase Error              (PE):    0.099ns

    Location             Delay type                Incr(ns)  Path(ns)    Netlist Resource(s)
  -------------------------------------------------------------------    -------------------
                         (clock clk_out1_clk_wiz_0 rise edge)
                                                      0.000     0.000 r  
    E3                                                0.000     0.000 r  clk (IN)
                         net (fo=0)                   0.000     0.000    clk_wiz/inst/clk_in1
    E3                   IBUF (Prop_ibuf_I_O)         1.482     1.482 r  clk_wiz/inst/clkin1_ibufg/O
                         net (fo=1, routed)           1.233     2.715    clk_wiz/inst/clk_in1_clk_wiz_0
    MMCME2_ADV_X1Y2      MMCME2_ADV (Prop_mmcme2_adv_CLKIN1_CLKOUT0)
                                                     -7.070    -4.355 r  clk_wiz/inst/mmcm_adv_inst/CLKOUT0
                         net (fo=1, routed)           1.719    -2.636    clk_wiz/inst/clk_out1_clk_wiz_0
    BUFGCTRL_X0Y16       BUFG (Prop_bufg_I_O)         0.096    -2.540 r  clk_wiz/inst/clkout1_buf/O
                         net (fo=63, routed)          1.613    -0.927    gen/serialize_ch1/clk_out1
    SLICE_X11Y126        FDRE                                         r  gen/serialize_ch1/serialized_reg/C
  -------------------------------------------------------------------    -------------------
    SLICE_X11Y126        FDRE (Prop_fdre_C_Q)         0.456    -0.471 r  gen/serialize_ch1/serialized_reg/Q
                         net (fo=1, routed)           1.942     1.471    gen/differential_ch1/ch1
    D15                  OBUFDS (Prop_obufds_I_O)     1.866     3.337 r  gen/differential_ch1/OBUFDS_inst/O
                         net (fo=0)                   0.000     3.337    ch1_p
    D15                                                               r  ch1_p (OUT)
  -------------------------------------------------------------------    -------------------

Slack:                    inf
  Source:                 gen/serialize_ch2/serialized_reg/C
                            (rising edge-triggered cell FDRE clocked by clk_out1_clk_wiz_0  {rise@0.000ns fall@2.000ns period=4.000ns})
  Destination:            ch2_n
                            (output port)
  Path Group:             (none)
  Path Type:              Max at Slow Process Corner
  Data Path Delay:        3.988ns  (logic 2.319ns (58.163%)  route 1.668ns (41.837%))
  Logic Levels:           1  (OBUFDS=1)
  Clock Uncertainty:      0.159ns  ((TSJ^2 + DJ^2)^1/2) / 2 + PE
    Total System Jitter     (TSJ):    0.050ns
    Discrete Jitter          (DJ):    0.110ns
    Phase Error              (PE):    0.099ns

    Location             Delay type                Incr(ns)  Path(ns)    Netlist Resource(s)
  -------------------------------------------------------------------    -------------------
                         (clock clk_out1_clk_wiz_0 rise edge)
                                                      0.000     0.000 r  
    E3                                                0.000     0.000 r  clk (IN)
                         net (fo=0)                   0.000     0.000    clk_wiz/inst/clk_in1
    E3                   IBUF (Prop_ibuf_I_O)         1.482     1.482 r  clk_wiz/inst/clkin1_ibufg/O
                         net (fo=1, routed)           1.233     2.715    clk_wiz/inst/clk_in1_clk_wiz_0
    MMCME2_ADV_X1Y2      MMCME2_ADV (Prop_mmcme2_adv_CLKIN1_CLKOUT0)
                                                     -7.070    -4.355 r  clk_wiz/inst/mmcm_adv_inst/CLKOUT0
                         net (fo=1, routed)           1.719    -2.636    clk_wiz/inst/clk_out1_clk_wiz_0
    BUFGCTRL_X0Y16       BUFG (Prop_bufg_I_O)         0.096    -2.540 r  clk_wiz/inst/clkout1_buf/O
                         net (fo=63, routed)          1.692    -0.848    gen/serialize_ch2/clk_out1
    SLICE_X1Y127         FDRE                                         r  gen/serialize_ch2/serialized_reg/C
  -------------------------------------------------------------------    -------------------
    SLICE_X1Y127         FDRE (Prop_fdre_C_Q)         0.456    -0.392 r  gen/serialize_ch2/serialized_reg/Q
                         net (fo=1, routed)           1.668     1.276    gen/differential_ch2/ch2
    E15                  OBUFDS (Prop_obufds_I_OB)    1.863     3.140 r  gen/differential_ch2/OBUFDS_inst/OB
                         net (fo=0)                   0.000     3.140    ch2_n
    E16                                                               r  ch2_n (OUT)
  -------------------------------------------------------------------    -------------------

Slack:                    inf
  Source:                 gen/serialize_ch2/serialized_reg/C
                            (rising edge-triggered cell FDRE clocked by clk_out1_clk_wiz_0  {rise@0.000ns fall@2.000ns period=4.000ns})
  Destination:            ch2_p
                            (output port)
  Path Group:             (none)
  Path Type:              Max at Slow Process Corner
  Data Path Delay:        3.987ns  (logic 2.318ns (58.152%)  route 1.668ns (41.848%))
  Logic Levels:           1  (OBUFDS=1)
  Clock Uncertainty:      0.159ns  ((TSJ^2 + DJ^2)^1/2) / 2 + PE
    Total System Jitter     (TSJ):    0.050ns
    Discrete Jitter          (DJ):    0.110ns
    Phase Error              (PE):    0.099ns

    Location             Delay type                Incr(ns)  Path(ns)    Netlist Resource(s)
  -------------------------------------------------------------------    -------------------
                         (clock clk_out1_clk_wiz_0 rise edge)
                                                      0.000     0.000 r  
    E3                                                0.000     0.000 r  clk (IN)
                         net (fo=0)                   0.000     0.000    clk_wiz/inst/clk_in1
    E3                   IBUF (Prop_ibuf_I_O)         1.482     1.482 r  clk_wiz/inst/clkin1_ibufg/O
                         net (fo=1, routed)           1.233     2.715    clk_wiz/inst/clk_in1_clk_wiz_0
    MMCME2_ADV_X1Y2      MMCME2_ADV (Prop_mmcme2_adv_CLKIN1_CLKOUT0)
                                                     -7.070    -4.355 r  clk_wiz/inst/mmcm_adv_inst/CLKOUT0
                         net (fo=1, routed)           1.719    -2.636    clk_wiz/inst/clk_out1_clk_wiz_0
    BUFGCTRL_X0Y16       BUFG (Prop_bufg_I_O)         0.096    -2.540 r  clk_wiz/inst/clkout1_buf/O
                         net (fo=63, routed)          1.692    -0.848    gen/serialize_ch2/clk_out1
    SLICE_X1Y127         FDRE                                         r  gen/serialize_ch2/serialized_reg/C
  -------------------------------------------------------------------    -------------------
    SLICE_X1Y127         FDRE (Prop_fdre_C_Q)         0.456    -0.392 r  gen/serialize_ch2/serialized_reg/Q
                         net (fo=1, routed)           1.668     1.276    gen/differential_ch2/ch2
    E15                  OBUFDS (Prop_obufds_I_O)     1.862     3.139 r  gen/differential_ch2/OBUFDS_inst/O
                         net (fo=0)                   0.000     3.139    ch2_p
    E15                                                               r  ch2_p (OUT)
  -------------------------------------------------------------------    -------------------





Min Delay Paths
--------------------------------------------------------------------------------------
Slack:                    inf
  Source:                 gen/serialize_ch2/serialized_reg/C
                            (rising edge-triggered cell FDRE clocked by clk_out1_clk_wiz_0  {rise@0.000ns fall@2.000ns period=4.000ns})
  Destination:            ch2_p
                            (output port)
  Path Group:             (none)
  Path Type:              Min at Fast Process Corner
  Data Path Delay:        1.272ns  (logic 0.952ns (74.883%)  route 0.319ns (25.117%))
  Logic Levels:           1  (OBUFDS=1)
  Clock Uncertainty:      0.159ns  ((TSJ^2 + DJ^2)^1/2) / 2 + PE
    Total System Jitter     (TSJ):    0.050ns
    Discrete Jitter          (DJ):    0.110ns
    Phase Error              (PE):    0.099ns

    Location             Delay type                Incr(ns)  Path(ns)    Netlist Resource(s)
  -------------------------------------------------------------------    -------------------
                         (clock clk_out1_clk_wiz_0 rise edge)
                                                      0.000     0.000 r  
    E3                                                0.000     0.000 r  clk (IN)
                         net (fo=0)                   0.000     0.000    clk_wiz/inst/clk_in1
    E3                   IBUF (Prop_ibuf_I_O)         0.250     0.250 r  clk_wiz/inst/clkin1_ibufg/O
                         net (fo=1, routed)           0.440     0.690    clk_wiz/inst/clk_in1_clk_wiz_0
    MMCME2_ADV_X1Y2      MMCME2_ADV (Prop_mmcme2_adv_CLKIN1_CLKOUT0)
                                                     -2.379    -1.689 r  clk_wiz/inst/mmcm_adv_inst/CLKOUT0
                         net (fo=1, routed)           0.499    -1.190    clk_wiz/inst/clk_out1_clk_wiz_0
    BUFGCTRL_X0Y16       BUFG (Prop_bufg_I_O)         0.026    -1.164 r  clk_wiz/inst/clkout1_buf/O
                         net (fo=63, routed)          0.588    -0.576    gen/serialize_ch2/clk_out1
    SLICE_X1Y127         FDRE                                         r  gen/serialize_ch2/serialized_reg/C
  -------------------------------------------------------------------    -------------------
    SLICE_X1Y127         FDRE (Prop_fdre_C_Q)         0.141    -0.435 r  gen/serialize_ch2/serialized_reg/Q
                         net (fo=1, routed)           0.319    -0.116    gen/differential_ch2/ch2
    E15                  OBUFDS (Prop_obufds_I_O)     0.811     0.696 r  gen/differential_ch2/OBUFDS_inst/O
                         net (fo=0)                   0.000     0.696    ch2_p
    E15                                                               r  ch2_p (OUT)
  -------------------------------------------------------------------    -------------------

Slack:                    inf
  Source:                 gen/serialize_ch2/serialized_reg/C
                            (rising edge-triggered cell FDRE clocked by clk_out1_clk_wiz_0  {rise@0.000ns fall@2.000ns period=4.000ns})
  Destination:            ch2_n
                            (output port)
  Path Group:             (none)
  Path Type:              Min at Fast Process Corner
  Data Path Delay:        1.273ns  (logic 0.953ns (74.903%)  route 0.319ns (25.097%))
  Logic Levels:           1  (OBUFDS=1)
  Clock Uncertainty:      0.159ns  ((TSJ^2 + DJ^2)^1/2) / 2 + PE
    Total System Jitter     (TSJ):    0.050ns
    Discrete Jitter          (DJ):    0.110ns
    Phase Error              (PE):    0.099ns

    Location             Delay type                Incr(ns)  Path(ns)    Netlist Resource(s)
  -------------------------------------------------------------------    -------------------
                         (clock clk_out1_clk_wiz_0 rise edge)
                                                      0.000     0.000 r  
    E3                                                0.000     0.000 r  clk (IN)
                         net (fo=0)                   0.000     0.000    clk_wiz/inst/clk_in1
    E3                   IBUF (Prop_ibuf_I_O)         0.250     0.250 r  clk_wiz/inst/clkin1_ibufg/O
                         net (fo=1, routed)           0.440     0.690    clk_wiz/inst/clk_in1_clk_wiz_0
    MMCME2_ADV_X1Y2      MMCME2_ADV (Prop_mmcme2_adv_CLKIN1_CLKOUT0)
                                                     -2.379    -1.689 r  clk_wiz/inst/mmcm_adv_inst/CLKOUT0
                         net (fo=1, routed)           0.499    -1.190    clk_wiz/inst/clk_out1_clk_wiz_0
    BUFGCTRL_X0Y16       BUFG (Prop_bufg_I_O)         0.026    -1.164 r  clk_wiz/inst/clkout1_buf/O
                         net (fo=63, routed)          0.588    -0.576    gen/serialize_ch2/clk_out1
    SLICE_X1Y127         FDRE                                         r  gen/serialize_ch2/serialized_reg/C
  -------------------------------------------------------------------    -------------------
    SLICE_X1Y127         FDRE (Prop_fdre_C_Q)         0.141    -0.435 r  gen/serialize_ch2/serialized_reg/Q
                         net (fo=1, routed)           0.319    -0.116    gen/differential_ch2/ch2
    E15                  OBUFDS (Prop_obufds_I_OB)    0.812     0.697 r  gen/differential_ch2/OBUFDS_inst/OB
                         net (fo=0)                   0.000     0.697    ch2_n
    E16                                                               r  ch2_n (OUT)
  -------------------------------------------------------------------    -------------------

Slack:                    inf
  Source:                 gen/serialize_ch1/serialized_reg/C
                            (rising edge-triggered cell FDRE clocked by clk_out1_clk_wiz_0  {rise@0.000ns fall@2.000ns period=4.000ns})
  Destination:            ch1_p
                            (output port)
  Path Group:             (none)
  Path Type:              Min at Fast Process Corner
  Data Path Delay:        1.451ns  (logic 0.956ns (65.881%)  route 0.495ns (34.119%))
  Logic Levels:           1  (OBUFDS=1)
  Clock Uncertainty:      0.159ns  ((TSJ^2 + DJ^2)^1/2) / 2 + PE
    Total System Jitter     (TSJ):    0.050ns
    Discrete Jitter          (DJ):    0.110ns
    Phase Error              (PE):    0.099ns

    Location             Delay type                Incr(ns)  Path(ns)    Netlist Resource(s)
  -------------------------------------------------------------------    -------------------
                         (clock clk_out1_clk_wiz_0 rise edge)
                                                      0.000     0.000 r  
    E3                                                0.000     0.000 r  clk (IN)
                         net (fo=0)                   0.000     0.000    clk_wiz/inst/clk_in1
    E3                   IBUF (Prop_ibuf_I_O)         0.250     0.250 r  clk_wiz/inst/clkin1_ibufg/O
                         net (fo=1, routed)           0.440     0.690    clk_wiz/inst/clk_in1_clk_wiz_0
    MMCME2_ADV_X1Y2      MMCME2_ADV (Prop_mmcme2_adv_CLKIN1_CLKOUT0)
                                                     -2.379    -1.689 r  clk_wiz/inst/mmcm_adv_inst/CLKOUT0
                         net (fo=1, routed)           0.499    -1.190    clk_wiz/inst/clk_out1_clk_wiz_0
    BUFGCTRL_X0Y16       BUFG (Prop_bufg_I_O)         0.026    -1.164 r  clk_wiz/inst/clkout1_buf/O
                         net (fo=63, routed)          0.557    -0.607    gen/serialize_ch1/clk_out1
    SLICE_X11Y126        FDRE                                         r  gen/serialize_ch1/serialized_reg/C
  -------------------------------------------------------------------    -------------------
    SLICE_X11Y126        FDRE (Prop_fdre_C_Q)         0.141    -0.466 r  gen/serialize_ch1/serialized_reg/Q
                         net (fo=1, routed)           0.495     0.029    gen/differential_ch1/ch1
    D15                  OBUFDS (Prop_obufds_I_O)     0.815     0.844 r  gen/differential_ch1/OBUFDS_inst/O
                         net (fo=0)                   0.000     0.844    ch1_p
    D15                                                               r  ch1_p (OUT)
  -------------------------------------------------------------------    -------------------

Slack:                    inf
  Source:                 gen/serialize_ch1/serialized_reg/C
                            (rising edge-triggered cell FDRE clocked by clk_out1_clk_wiz_0  {rise@0.000ns fall@2.000ns period=4.000ns})
  Destination:            ch1_n
                            (output port)
  Path Group:             (none)
  Path Type:              Min at Fast Process Corner
  Data Path Delay:        1.452ns  (logic 0.957ns (65.905%)  route 0.495ns (34.095%))
  Logic Levels:           1  (OBUFDS=1)
  Clock Uncertainty:      0.159ns  ((TSJ^2 + DJ^2)^1/2) / 2 + PE
    Total System Jitter     (TSJ):    0.050ns
    Discrete Jitter          (DJ):    0.110ns
    Phase Error              (PE):    0.099ns

    Location             Delay type                Incr(ns)  Path(ns)    Netlist Resource(s)
  -------------------------------------------------------------------    -------------------
                         (clock clk_out1_clk_wiz_0 rise edge)
                                                      0.000     0.000 r  
    E3                                                0.000     0.000 r  clk (IN)
                         net (fo=0)                   0.000     0.000    clk_wiz/inst/clk_in1
    E3                   IBUF (Prop_ibuf_I_O)         0.250     0.250 r  clk_wiz/inst/clkin1_ibufg/O
                         net (fo=1, routed)           0.440     0.690    clk_wiz/inst/clk_in1_clk_wiz_0
    MMCME2_ADV_X1Y2      MMCME2_ADV (Prop_mmcme2_adv_CLKIN1_CLKOUT0)
                                                     -2.379    -1.689 r  clk_wiz/inst/mmcm_adv_inst/CLKOUT0
                         net (fo=1, routed)           0.499    -1.190    clk_wiz/inst/clk_out1_clk_wiz_0
    BUFGCTRL_X0Y16       BUFG (Prop_bufg_I_O)         0.026    -1.164 r  clk_wiz/inst/clkout1_buf/O
                         net (fo=63, routed)          0.557    -0.607    gen/serialize_ch1/clk_out1
    SLICE_X11Y126        FDRE                                         r  gen/serialize_ch1/serialized_reg/C
  -------------------------------------------------------------------    -------------------
    SLICE_X11Y126        FDRE (Prop_fdre_C_Q)         0.141    -0.466 r  gen/serialize_ch1/serialized_reg/Q
                         net (fo=1, routed)           0.495     0.029    gen/differential_ch1/ch1
    D15                  OBUFDS (Prop_obufds_I_OB)    0.816     0.845 r  gen/differential_ch1/OBUFDS_inst/OB
                         net (fo=0)                   0.000     0.845    ch1_n
    C15                                                               r  ch1_n (OUT)
  -------------------------------------------------------------------    -------------------

Slack:                    inf
  Source:                 gen/serialize_chc/serialized_reg/C
                            (rising edge-triggered cell FDRE clocked by clk_out1_clk_wiz_0  {rise@0.000ns fall@2.000ns period=4.000ns})
  Destination:            chc_p
                            (output port)
  Path Group:             (none)
  Path Type:              Min at Fast Process Corner
  Data Path Delay:        1.546ns  (logic 0.953ns (61.654%)  route 0.593ns (38.346%))
  Logic Levels:           1  (OBUFDS=1)
  Clock Uncertainty:      0.159ns  ((TSJ^2 + DJ^2)^1/2) / 2 + PE
    Total System Jitter     (TSJ):    0.050ns
    Discrete Jitter          (DJ):    0.110ns
    Phase Error              (PE):    0.099ns

    Location             Delay type                Incr(ns)  Path(ns)    Netlist Resource(s)
  -------------------------------------------------------------------    -------------------
                         (clock clk_out1_clk_wiz_0 rise edge)
                                                      0.000     0.000 r  
    E3                                                0.000     0.000 r  clk (IN)
                         net (fo=0)                   0.000     0.000    clk_wiz/inst/clk_in1
    E3                   IBUF (Prop_ibuf_I_O)         0.250     0.250 r  clk_wiz/inst/clkin1_ibufg/O
                         net (fo=1, routed)           0.440     0.690    clk_wiz/inst/clk_in1_clk_wiz_0
    MMCME2_ADV_X1Y2      MMCME2_ADV (Prop_mmcme2_adv_CLKIN1_CLKOUT0)
                                                     -2.379    -1.689 r  clk_wiz/inst/mmcm_adv_inst/CLKOUT0
                         net (fo=1, routed)           0.499    -1.190    clk_wiz/inst/clk_out1_clk_wiz_0
    BUFGCTRL_X0Y16       BUFG (Prop_bufg_I_O)         0.026    -1.164 r  clk_wiz/inst/clkout1_buf/O
                         net (fo=63, routed)          0.590    -0.574    gen/serialize_chc/clk_out1
    SLICE_X0Y119         FDRE                                         r  gen/serialize_chc/serialized_reg/C
  -------------------------------------------------------------------    -------------------
    SLICE_X0Y119         FDRE (Prop_fdre_C_Q)         0.141    -0.433 r  gen/serialize_chc/serialized_reg/Q
                         net (fo=1, routed)           0.593     0.160    gen/differential_chc/chc
    K15                  OBUFDS (Prop_obufds_I_O)     0.812     0.972 r  gen/differential_chc/OBUFDS_inst/O
                         net (fo=0)                   0.000     0.972    chc_p
    K15                                                               r  chc_p (OUT)
  -------------------------------------------------------------------    -------------------

Slack:                    inf
  Source:                 gen/serialize_chc/serialized_reg/C
                            (rising edge-triggered cell FDRE clocked by clk_out1_clk_wiz_0  {rise@0.000ns fall@2.000ns period=4.000ns})
  Destination:            chc_n
                            (output port)
  Path Group:             (none)
  Path Type:              Min at Fast Process Corner
  Data Path Delay:        1.547ns  (logic 0.954ns (61.678%)  route 0.593ns (38.322%))
  Logic Levels:           1  (OBUFDS=1)
  Clock Uncertainty:      0.159ns  ((TSJ^2 + DJ^2)^1/2) / 2 + PE
    Total System Jitter     (TSJ):    0.050ns
    Discrete Jitter          (DJ):    0.110ns
    Phase Error              (PE):    0.099ns

    Location             Delay type                Incr(ns)  Path(ns)    Netlist Resource(s)
  -------------------------------------------------------------------    -------------------
                         (clock clk_out1_clk_wiz_0 rise edge)
                                                      0.000     0.000 r  
    E3                                                0.000     0.000 r  clk (IN)
                         net (fo=0)                   0.000     0.000    clk_wiz/inst/clk_in1
    E3                   IBUF (Prop_ibuf_I_O)         0.250     0.250 r  clk_wiz/inst/clkin1_ibufg/O
                         net (fo=1, routed)           0.440     0.690    clk_wiz/inst/clk_in1_clk_wiz_0
    MMCME2_ADV_X1Y2      MMCME2_ADV (Prop_mmcme2_adv_CLKIN1_CLKOUT0)
                                                     -2.379    -1.689 r  clk_wiz/inst/mmcm_adv_inst/CLKOUT0
                         net (fo=1, routed)           0.499    -1.190    clk_wiz/inst/clk_out1_clk_wiz_0
    BUFGCTRL_X0Y16       BUFG (Prop_bufg_I_O)         0.026    -1.164 r  clk_wiz/inst/clkout1_buf/O
                         net (fo=63, routed)          0.590    -0.574    gen/serialize_chc/clk_out1
    SLICE_X0Y119         FDRE                                         r  gen/serialize_chc/serialized_reg/C
  -------------------------------------------------------------------    -------------------
    SLICE_X0Y119         FDRE (Prop_fdre_C_Q)         0.141    -0.433 r  gen/serialize_chc/serialized_reg/Q
                         net (fo=1, routed)           0.593     0.160    gen/differential_chc/chc
    K15                  OBUFDS (Prop_obufds_I_OB)    0.813     0.973 r  gen/differential_chc/OBUFDS_inst/OB
                         net (fo=0)                   0.000     0.973    chc_n
    J15                                                               r  chc_n (OUT)
  -------------------------------------------------------------------    -------------------

Slack:                    inf
  Source:                 gen/serialize_ch0/serialized_reg/C
                            (rising edge-triggered cell FDRE clocked by clk_out1_clk_wiz_0  {rise@0.000ns fall@2.000ns period=4.000ns})
  Destination:            ch0_p
                            (output port)
  Path Group:             (none)
  Path Type:              Min at Fast Process Corner
  Data Path Delay:        1.767ns  (logic 0.976ns (55.239%)  route 0.791ns (44.761%))
  Logic Levels:           1  (OBUFDS=1)
  Clock Uncertainty:      0.159ns  ((TSJ^2 + DJ^2)^1/2) / 2 + PE
    Total System Jitter     (TSJ):    0.050ns
    Discrete Jitter          (DJ):    0.110ns
    Phase Error              (PE):    0.099ns

    Location             Delay type                Incr(ns)  Path(ns)    Netlist Resource(s)
  -------------------------------------------------------------------    -------------------
                         (clock clk_out1_clk_wiz_0 rise edge)
                                                      0.000     0.000 r  
    E3                                                0.000     0.000 r  clk (IN)
                         net (fo=0)                   0.000     0.000    clk_wiz/inst/clk_in1
    E3                   IBUF (Prop_ibuf_I_O)         0.250     0.250 r  clk_wiz/inst/clkin1_ibufg/O
                         net (fo=1, routed)           0.440     0.690    clk_wiz/inst/clk_in1_clk_wiz_0
    MMCME2_ADV_X1Y2      MMCME2_ADV (Prop_mmcme2_adv_CLKIN1_CLKOUT0)
                                                     -2.379    -1.689 r  clk_wiz/inst/mmcm_adv_inst/CLKOUT0
                         net (fo=1, routed)           0.499    -1.190    clk_wiz/inst/clk_out1_clk_wiz_0
    BUFGCTRL_X0Y16       BUFG (Prop_bufg_I_O)         0.026    -1.164 r  clk_wiz/inst/clkout1_buf/O
                         net (fo=63, routed)          0.590    -0.574    gen/serialize_ch0/clk_out1
    SLICE_X2Y130         FDRE                                         r  gen/serialize_ch0/serialized_reg/C
  -------------------------------------------------------------------    -------------------
    SLICE_X2Y130         FDRE (Prop_fdre_C_Q)         0.164    -0.410 r  gen/serialize_ch0/serialized_reg/Q
                         net (fo=1, routed)           0.791     0.381    gen/differential_ch0/ch0
    J17                  OBUFDS (Prop_obufds_I_O)     0.812     1.193 r  gen/differential_ch0/OBUFDS_inst/O
                         net (fo=0)                   0.000     1.193    ch0_p
    J17                                                               r  ch0_p (OUT)
  -------------------------------------------------------------------    -------------------

Slack:                    inf
  Source:                 gen/serialize_ch0/serialized_reg/C
                            (rising edge-triggered cell FDRE clocked by clk_out1_clk_wiz_0  {rise@0.000ns fall@2.000ns period=4.000ns})
  Destination:            ch0_n
                            (output port)
  Path Group:             (none)
  Path Type:              Min at Fast Process Corner
  Data Path Delay:        1.768ns  (logic 0.977ns (55.264%)  route 0.791ns (44.736%))
  Logic Levels:           1  (OBUFDS=1)
  Clock Uncertainty:      0.159ns  ((TSJ^2 + DJ^2)^1/2) / 2 + PE
    Total System Jitter     (TSJ):    0.050ns
    Discrete Jitter          (DJ):    0.110ns
    Phase Error              (PE):    0.099ns

    Location             Delay type                Incr(ns)  Path(ns)    Netlist Resource(s)
  -------------------------------------------------------------------    -------------------
                         (clock clk_out1_clk_wiz_0 rise edge)
                                                      0.000     0.000 r  
    E3                                                0.000     0.000 r  clk (IN)
                         net (fo=0)                   0.000     0.000    clk_wiz/inst/clk_in1
    E3                   IBUF (Prop_ibuf_I_O)         0.250     0.250 r  clk_wiz/inst/clkin1_ibufg/O
                         net (fo=1, routed)           0.440     0.690    clk_wiz/inst/clk_in1_clk_wiz_0
    MMCME2_ADV_X1Y2      MMCME2_ADV (Prop_mmcme2_adv_CLKIN1_CLKOUT0)
                                                     -2.379    -1.689 r  clk_wiz/inst/mmcm_adv_inst/CLKOUT0
                         net (fo=1, routed)           0.499    -1.190    clk_wiz/inst/clk_out1_clk_wiz_0
    BUFGCTRL_X0Y16       BUFG (Prop_bufg_I_O)         0.026    -1.164 r  clk_wiz/inst/clkout1_buf/O
                         net (fo=63, routed)          0.590    -0.574    gen/serialize_ch0/clk_out1
    SLICE_X2Y130         FDRE                                         r  gen/serialize_ch0/serialized_reg/C
  -------------------------------------------------------------------    -------------------
    SLICE_X2Y130         FDRE (Prop_fdre_C_Q)         0.164    -0.410 r  gen/serialize_ch0/serialized_reg/Q
                         net (fo=1, routed)           0.791     0.381    gen/differential_ch0/ch0
    J17                  OBUFDS (Prop_obufds_I_OB)    0.813     1.194 r  gen/differential_ch0/OBUFDS_inst/OB
                         net (fo=0)                   0.000     1.194    ch0_n
    J18                                                               r  ch0_n (OUT)
  -------------------------------------------------------------------    -------------------





--------------------------------------------------------------------------------------
Path Group:  (none)
From Clock:  clkfbout_clk_wiz_0
  To Clock:  

Max Delay             1 Endpoint
Min Delay             1 Endpoint
--------------------------------------------------------------------------------------


Max Delay Paths
--------------------------------------------------------------------------------------
Slack:                    inf
  Source:                 clk_wiz/inst/mmcm_adv_inst/CLKFBOUT
                            (clock source 'clkfbout_clk_wiz_0'  {rise@0.000ns fall@5.000ns period=10.000ns})
  Destination:            clk_wiz/inst/mmcm_adv_inst/CLKFBIN
  Path Group:             (none)
  Path Type:              Max at Fast Process Corner
  Data Path Delay:        1.396ns  (logic 0.029ns (2.077%)  route 1.367ns (97.923%))
  Logic Levels:           1  (BUFG=1)
  Clock Uncertainty:      0.148ns  ((TSJ^2 + DJ^2)^1/2) / 2 + PE
    Total System Jitter     (TSJ):    0.050ns
    Discrete Jitter          (DJ):    0.086ns
    Phase Error              (PE):    0.099ns

    Location             Delay type                Incr(ns)  Path(ns)    Netlist Resource(s)
  -------------------------------------------------------------------    -------------------
                         (clock clkfbout_clk_wiz_0 fall edge)
                                                      5.000     5.000 f  
    E3                                                0.000     5.000 f  clk (IN)
                         net (fo=0)                   0.000     5.000    clk_wiz/inst/clk_in1
    E3                   IBUF (Prop_ibuf_I_O)         0.438     5.438 f  clk_wiz/inst/clkin1_ibufg/O
                         net (fo=1, routed)           0.480     5.918    clk_wiz/inst/clk_in1_clk_wiz_0
  -------------------------------------------------------------------    -------------------
    MMCME2_ADV_X1Y2      MMCME2_ADV (Prop_mmcme2_adv_CLKIN1_CLKFBOUT)
                                                     -3.163     2.755 f  clk_wiz/inst/mmcm_adv_inst/CLKFBOUT
                         net (fo=1, routed)           0.544     3.298    clk_wiz/inst/clkfbout_clk_wiz_0
    BUFGCTRL_X0Y17       BUFG (Prop_bufg_I_O)         0.029     3.327 f  clk_wiz/inst/clkf_buf/O
                         net (fo=1, routed)           0.824     4.151    clk_wiz/inst/clkfbout_buf_clk_wiz_0
    MMCME2_ADV_X1Y2      MMCME2_ADV                                   f  clk_wiz/inst/mmcm_adv_inst/CLKFBIN
  -------------------------------------------------------------------    -------------------





Min Delay Paths
--------------------------------------------------------------------------------------
Slack:                    inf
  Source:                 clk_wiz/inst/mmcm_adv_inst/CLKFBOUT
                            (clock source 'clkfbout_clk_wiz_0'  {rise@0.000ns fall@5.000ns period=10.000ns})
  Destination:            clk_wiz/inst/mmcm_adv_inst/CLKFBIN
  Path Group:             (none)
  Path Type:              Min at Slow Process Corner
  Data Path Delay:        3.236ns  (logic 0.091ns (2.812%)  route 3.145ns (97.188%))
  Logic Levels:           1  (BUFG=1)
  Clock Uncertainty:      0.148ns  ((TSJ^2 + DJ^2)^1/2) / 2 + PE
    Total System Jitter     (TSJ):    0.050ns
    Discrete Jitter          (DJ):    0.086ns
    Phase Error              (PE):    0.099ns

    Location             Delay type                Incr(ns)  Path(ns)    Netlist Resource(s)
  -------------------------------------------------------------------    -------------------
                         (clock clkfbout_clk_wiz_0 rise edge)
                                                      0.000     0.000 r  
    E3                                                0.000     0.000 r  clk (IN)
                         net (fo=0)                   0.000     0.000    clk_wiz/inst/clk_in1
    E3                   IBUF (Prop_ibuf_I_O)         1.411     1.411 r  clk_wiz/inst/clkin1_ibufg/O
                         net (fo=1, routed)           1.162     2.573    clk_wiz/inst/clk_in1_clk_wiz_0
  -------------------------------------------------------------------    -------------------
    MMCME2_ADV_X1Y2      MMCME2_ADV (Prop_mmcme2_adv_CLKIN1_CLKFBOUT)
                                                     -7.324    -4.751 r  clk_wiz/inst/mmcm_adv_inst/CLKFBOUT
                         net (fo=1, routed)           1.639    -3.112    clk_wiz/inst/clkfbout_clk_wiz_0
    BUFGCTRL_X0Y17       BUFG (Prop_bufg_I_O)         0.091    -3.021 r  clk_wiz/inst/clkf_buf/O
                         net (fo=1, routed)           1.506    -1.515    clk_wiz/inst/clkfbout_buf_clk_wiz_0
    MMCME2_ADV_X1Y2      MMCME2_ADV                                   r  clk_wiz/inst/mmcm_adv_inst/CLKFBIN
  -------------------------------------------------------------------    -------------------





--------------------------------------------------------------------------------------
Path Group:  (none)
From Clock:  
  To Clock:  clk_out1_clk_wiz_0

Max Delay            34 Endpoints
Min Delay            34 Endpoints
--------------------------------------------------------------------------------------


Max Delay Paths
--------------------------------------------------------------------------------------
Slack:                    inf
  Source:                 rst
                            (input port)
  Destination:            clk_gen/clk_count_reg[1]/D
                            (rising edge-triggered cell FDRE clocked by clk_out1_clk_wiz_0  {rise@0.000ns fall@2.000ns period=4.000ns})
  Path Group:             (none)
  Path Type:              Setup (Max at Slow Process Corner)
  Data Path Delay:        7.171ns  (logic 1.637ns (22.832%)  route 5.534ns (77.168%))
  Logic Levels:           2  (IBUF=1 LUT3=1)
  Clock Path Skew:        -1.516ns (DCD - SCD + CPR)
    Destination Clock Delay (DCD):    -1.516ns
    Source Clock Delay      (SCD):    0.000ns
    Clock Pessimism Removal (CPR):    0.000ns
  Clock Uncertainty:      0.159ns  ((TSJ^2 + DJ^2)^1/2) / 2 + PE
    Total System Jitter     (TSJ):    0.050ns
    Discrete Jitter          (DJ):    0.110ns
    Phase Error              (PE):    0.099ns

    Location             Delay type                Incr(ns)  Path(ns)    Netlist Resource(s)
  -------------------------------------------------------------------    -------------------
    D9                                                0.000     0.000 f  rst (IN)
                         net (fo=0)                   0.000     0.000    rst
    D9                   IBUF (Prop_ibuf_I_O)         1.487     1.487 f  rst_IBUF_inst/O
                         net (fo=36, routed)          5.534     7.021    clk_gen/rst_IBUF
    SLICE_X52Y96         LUT3 (Prop_lut3_I2_O)        0.150     7.171 r  clk_gen/clk_count[1]_i_1/O
                         net (fo=1, routed)           0.000     7.171    clk_gen/clk_count[1]_i_1_n_0
    SLICE_X52Y96         FDRE                                         r  clk_gen/clk_count_reg[1]/D
  -------------------------------------------------------------------    -------------------

                         (clock clk_out1_clk_wiz_0 rise edge)
                                                      0.000     0.000 r  
    E3                                                0.000     0.000 r  clk (IN)
                         net (fo=0)                   0.000     0.000    clk_wiz/inst/clk_in1
    E3                   IBUF (Prop_ibuf_I_O)         1.411     1.411 r  clk_wiz/inst/clkin1_ibufg/O
                         net (fo=1, routed)           1.162     2.573    clk_wiz/inst/clk_in1_clk_wiz_0
    MMCME2_ADV_X1Y2      MMCME2_ADV (Prop_mmcme2_adv_CLKIN1_CLKOUT0)
                                                     -7.324    -4.751 r  clk_wiz/inst/mmcm_adv_inst/CLKOUT0
                         net (fo=1, routed)           1.639    -3.112    clk_wiz/inst/clk_out1_clk_wiz_0
    BUFGCTRL_X0Y16       BUFG (Prop_bufg_I_O)         0.091    -3.021 r  clk_wiz/inst/clkout1_buf/O
                         net (fo=63, routed)          1.504    -1.516    clk_gen/clk_out1
    SLICE_X52Y96         FDRE                                         r  clk_gen/clk_count_reg[1]/C

Slack:                    inf
  Source:                 rst
                            (input port)
  Destination:            clk_gen/clk_pix_reg/D
                            (rising edge-triggered cell FDRE clocked by clk_out1_clk_wiz_0  {rise@0.000ns fall@2.000ns period=4.000ns})
  Path Group:             (none)
  Path Type:              Setup (Max at Slow Process Corner)
  Data Path Delay:        7.160ns  (logic 1.637ns (22.868%)  route 5.523ns (77.132%))
  Logic Levels:           2  (IBUF=1 LUT5=1)
  Clock Path Skew:        -1.516ns (DCD - SCD + CPR)
    Destination Clock Delay (DCD):    -1.516ns
    Source Clock Delay      (SCD):    0.000ns
    Clock Pessimism Removal (CPR):    0.000ns
  Clock Uncertainty:      0.159ns  ((TSJ^2 + DJ^2)^1/2) / 2 + PE
    Total System Jitter     (TSJ):    0.050ns
    Discrete Jitter          (DJ):    0.110ns
    Phase Error              (PE):    0.099ns

    Location             Delay type                Incr(ns)  Path(ns)    Netlist Resource(s)
  -------------------------------------------------------------------    -------------------
    D9                                                0.000     0.000 r  rst (IN)
                         net (fo=0)                   0.000     0.000    rst
    D9                   IBUF (Prop_ibuf_I_O)         1.487     1.487 r  rst_IBUF_inst/O
                         net (fo=36, routed)          5.523     7.010    clk_gen/rst_IBUF
    SLICE_X52Y96         LUT5 (Prop_lut5_I4_O)        0.150     7.160 r  clk_gen/clk_pix_i_1/O
                         net (fo=1, routed)           0.000     7.160    clk_gen/clk_pix_i_1_n_0
    SLICE_X52Y96         FDRE                                         r  clk_gen/clk_pix_reg/D
  -------------------------------------------------------------------    -------------------

                         (clock clk_out1_clk_wiz_0 rise edge)
                                                      0.000     0.000 r  
    E3                                                0.000     0.000 r  clk (IN)
                         net (fo=0)                   0.000     0.000    clk_wiz/inst/clk_in1
    E3                   IBUF (Prop_ibuf_I_O)         1.411     1.411 r  clk_wiz/inst/clkin1_ibufg/O
                         net (fo=1, routed)           1.162     2.573    clk_wiz/inst/clk_in1_clk_wiz_0
    MMCME2_ADV_X1Y2      MMCME2_ADV (Prop_mmcme2_adv_CLKIN1_CLKOUT0)
                                                     -7.324    -4.751 r  clk_wiz/inst/mmcm_adv_inst/CLKOUT0
                         net (fo=1, routed)           1.639    -3.112    clk_wiz/inst/clk_out1_clk_wiz_0
    BUFGCTRL_X0Y16       BUFG (Prop_bufg_I_O)         0.091    -3.021 r  clk_wiz/inst/clkout1_buf/O
                         net (fo=63, routed)          1.504    -1.516    clk_gen/clk_out1
    SLICE_X52Y96         FDRE                                         r  clk_gen/clk_pix_reg/C

Slack:                    inf
  Source:                 rst
                            (input port)
  Destination:            clk_gen/clk_count_reg[0]/D
                            (rising edge-triggered cell FDRE clocked by clk_out1_clk_wiz_0  {rise@0.000ns fall@2.000ns period=4.000ns})
  Path Group:             (none)
  Path Type:              Setup (Max at Slow Process Corner)
  Data Path Delay:        7.145ns  (logic 1.611ns (22.551%)  route 5.534ns (77.449%))
  Logic Levels:           2  (IBUF=1 LUT4=1)
  Clock Path Skew:        -1.516ns (DCD - SCD + CPR)
    Destination Clock Delay (DCD):    -1.516ns
    Source Clock Delay      (SCD):    0.000ns
    Clock Pessimism Removal (CPR):    0.000ns
  Clock Uncertainty:      0.159ns  ((TSJ^2 + DJ^2)^1/2) / 2 + PE
    Total System Jitter     (TSJ):    0.050ns
    Discrete Jitter          (DJ):    0.110ns
    Phase Error              (PE):    0.099ns

    Location             Delay type                Incr(ns)  Path(ns)    Netlist Resource(s)
  -------------------------------------------------------------------    -------------------
    D9                                                0.000     0.000 f  rst (IN)
                         net (fo=0)                   0.000     0.000    rst
    D9                   IBUF (Prop_ibuf_I_O)         1.487     1.487 f  rst_IBUF_inst/O
                         net (fo=36, routed)          5.534     7.021    clk_gen/rst_IBUF
    SLICE_X52Y96         LUT4 (Prop_lut4_I3_O)        0.124     7.145 r  clk_gen/clk_count[0]_i_1/O
                         net (fo=1, routed)           0.000     7.145    clk_gen/clk_count[0]_i_1_n_0
    SLICE_X52Y96         FDRE                                         r  clk_gen/clk_count_reg[0]/D
  -------------------------------------------------------------------    -------------------

                         (clock clk_out1_clk_wiz_0 rise edge)
                                                      0.000     0.000 r  
    E3                                                0.000     0.000 r  clk (IN)
                         net (fo=0)                   0.000     0.000    clk_wiz/inst/clk_in1
    E3                   IBUF (Prop_ibuf_I_O)         1.411     1.411 r  clk_wiz/inst/clkin1_ibufg/O
                         net (fo=1, routed)           1.162     2.573    clk_wiz/inst/clk_in1_clk_wiz_0
    MMCME2_ADV_X1Y2      MMCME2_ADV (Prop_mmcme2_adv_CLKIN1_CLKOUT0)
                                                     -7.324    -4.751 r  clk_wiz/inst/mmcm_adv_inst/CLKOUT0
                         net (fo=1, routed)           1.639    -3.112    clk_wiz/inst/clk_out1_clk_wiz_0
    BUFGCTRL_X0Y16       BUFG (Prop_bufg_I_O)         0.091    -3.021 r  clk_wiz/inst/clkout1_buf/O
                         net (fo=63, routed)          1.504    -1.516    clk_gen/clk_out1
    SLICE_X52Y96         FDRE                                         r  clk_gen/clk_count_reg[0]/C

Slack:                    inf
  Source:                 rst
                            (input port)
  Destination:            clk_gen/clk_count_reg[2]/D
                            (rising edge-triggered cell FDRE clocked by clk_out1_clk_wiz_0  {rise@0.000ns fall@2.000ns period=4.000ns})
  Path Group:             (none)
  Path Type:              Setup (Max at Slow Process Corner)
  Data Path Delay:        7.134ns  (logic 1.611ns (22.587%)  route 5.523ns (77.413%))
  Logic Levels:           2  (IBUF=1 LUT4=1)
  Clock Path Skew:        -1.516ns (DCD - SCD + CPR)
    Destination Clock Delay (DCD):    -1.516ns
    Source Clock Delay      (SCD):    0.000ns
    Clock Pessimism Removal (CPR):    0.000ns
  Clock Uncertainty:      0.159ns  ((TSJ^2 + DJ^2)^1/2) / 2 + PE
    Total System Jitter     (TSJ):    0.050ns
    Discrete Jitter          (DJ):    0.110ns
    Phase Error              (PE):    0.099ns

    Location             Delay type                Incr(ns)  Path(ns)    Netlist Resource(s)
  -------------------------------------------------------------------    -------------------
    D9                                                0.000     0.000 f  rst (IN)
                         net (fo=0)                   0.000     0.000    rst
    D9                   IBUF (Prop_ibuf_I_O)         1.487     1.487 f  rst_IBUF_inst/O
                         net (fo=36, routed)          5.523     7.010    clk_gen/rst_IBUF
    SLICE_X52Y96         LUT4 (Prop_lut4_I3_O)        0.124     7.134 r  clk_gen/clk_count[2]_i_1/O
                         net (fo=1, routed)           0.000     7.134    clk_gen/clk_count[2]_i_1_n_0
    SLICE_X52Y96         FDRE                                         r  clk_gen/clk_count_reg[2]/D
  -------------------------------------------------------------------    -------------------

                         (clock clk_out1_clk_wiz_0 rise edge)
                                                      0.000     0.000 r  
    E3                                                0.000     0.000 r  clk (IN)
                         net (fo=0)                   0.000     0.000    clk_wiz/inst/clk_in1
    E3                   IBUF (Prop_ibuf_I_O)         1.411     1.411 r  clk_wiz/inst/clkin1_ibufg/O
                         net (fo=1, routed)           1.162     2.573    clk_wiz/inst/clk_in1_clk_wiz_0
    MMCME2_ADV_X1Y2      MMCME2_ADV (Prop_mmcme2_adv_CLKIN1_CLKOUT0)
                                                     -7.324    -4.751 r  clk_wiz/inst/mmcm_adv_inst/CLKOUT0
                         net (fo=1, routed)           1.639    -3.112    clk_wiz/inst/clk_out1_clk_wiz_0
    BUFGCTRL_X0Y16       BUFG (Prop_bufg_I_O)         0.091    -3.021 r  clk_wiz/inst/clkout1_buf/O
                         net (fo=63, routed)          1.504    -1.516    clk_gen/clk_out1
    SLICE_X52Y96         FDRE                                         r  clk_gen/clk_count_reg[2]/C

Slack:                    inf
  Source:                 gen/encode_ch2/tmds_reg[3]/C
                            (rising edge-triggered cell FDRE)
  Destination:            gen/serialize_ch2/TMDS_shift_reg[3]/D
                            (rising edge-triggered cell FDRE clocked by clk_out1_clk_wiz_0  {rise@0.000ns fall@2.000ns period=4.000ns})
  Path Group:             (none)
  Path Type:              Setup (Max at Slow Process Corner)
  Data Path Delay:        1.648ns  (logic 0.606ns (36.762%)  route 1.042ns (63.238%))
  Logic Levels:           2  (FDRE=1 LUT3=1)
  Clock Uncertainty:      0.159ns  ((TSJ^2 + DJ^2)^1/2) / 2 + PE
    Total System Jitter     (TSJ):    0.050ns
    Discrete Jitter          (DJ):    0.110ns
    Phase Error              (PE):    0.099ns

    Location             Delay type                Incr(ns)  Path(ns)    Netlist Resource(s)
  -------------------------------------------------------------------    -------------------
    SLICE_X3Y124         FDRE                         0.000     0.000 r  gen/encode_ch2/tmds_reg[3]/C
    SLICE_X3Y124         FDRE (Prop_fdre_C_Q)         0.456     0.456 r  gen/encode_ch2/tmds_reg[3]/Q
                         net (fo=1, routed)           1.042     1.498    gen/serialize_ch2/TMDS_shift_reg[3]_0
    SLICE_X2Y126         LUT3 (Prop_lut3_I0_O)        0.150     1.648 r  gen/serialize_ch2/TMDS_shift[3]_i_1/O
                         net (fo=1, routed)           0.000     1.648    gen/serialize_ch2/TMDS_shift[3]_i_1_n_0
    SLICE_X2Y126         FDRE                                         r  gen/serialize_ch2/TMDS_shift_reg[3]/D
  -------------------------------------------------------------------    -------------------

                         (clock clk_out1_clk_wiz_0 rise edge)
                                                      0.000     0.000 r  
    E3                                                0.000     0.000 r  clk (IN)
                         net (fo=0)                   0.000     0.000    clk_wiz/inst/clk_in1
    E3                   IBUF (Prop_ibuf_I_O)         1.411     1.411 r  clk_wiz/inst/clkin1_ibufg/O
                         net (fo=1, routed)           1.162     2.573    clk_wiz/inst/clk_in1_clk_wiz_0
    MMCME2_ADV_X1Y2      MMCME2_ADV (Prop_mmcme2_adv_CLKIN1_CLKOUT0)
                                                     -7.324    -4.751 r  clk_wiz/inst/mmcm_adv_inst/CLKOUT0
                         net (fo=1, routed)           1.639    -3.112    clk_wiz/inst/clk_out1_clk_wiz_0
    BUFGCTRL_X0Y16       BUFG (Prop_bufg_I_O)         0.091    -3.021 r  clk_wiz/inst/clkout1_buf/O
                         net (fo=63, routed)          1.574    -1.447    gen/serialize_ch2/clk_out1
    SLICE_X2Y126         FDRE                                         r  gen/serialize_ch2/TMDS_shift_reg[3]/C

Slack:                    inf
  Source:                 gen/encode_ch1/tmds_reg[7]/C
                            (rising edge-triggered cell FDRE)
  Destination:            gen/serialize_ch1/TMDS_shift_reg[7]/D
                            (rising edge-triggered cell FDRE clocked by clk_out1_clk_wiz_0  {rise@0.000ns fall@2.000ns period=4.000ns})
  Path Group:             (none)
  Path Type:              Setup (Max at Slow Process Corner)
  Data Path Delay:        1.552ns  (logic 0.609ns (39.240%)  route 0.943ns (60.760%))
  Logic Levels:           2  (FDRE=1 LUT3=1)
  Clock Uncertainty:      0.159ns  ((TSJ^2 + DJ^2)^1/2) / 2 + PE
    Total System Jitter     (TSJ):    0.050ns
    Discrete Jitter          (DJ):    0.110ns
    Phase Error              (PE):    0.099ns

    Location             Delay type                Incr(ns)  Path(ns)    Netlist Resource(s)
  -------------------------------------------------------------------    -------------------
    SLICE_X9Y127         FDRE                         0.000     0.000 r  gen/encode_ch1/tmds_reg[7]/C
    SLICE_X9Y127         FDRE (Prop_fdre_C_Q)         0.456     0.456 r  gen/encode_ch1/tmds_reg[7]/Q
                         net (fo=1, routed)           0.943     1.399    gen/serialize_ch1/TMDS_shift_reg[7]_0
    SLICE_X10Y128        LUT3 (Prop_lut3_I0_O)        0.153     1.552 r  gen/serialize_ch1/TMDS_shift[7]_i_1/O
                         net (fo=1, routed)           0.000     1.552    gen/serialize_ch1/TMDS_shift[7]_i_1_n_0
    SLICE_X10Y128        FDRE                                         r  gen/serialize_ch1/TMDS_shift_reg[7]/D
  -------------------------------------------------------------------    -------------------

                         (clock clk_out1_clk_wiz_0 rise edge)
                                                      0.000     0.000 r  
    E3                                                0.000     0.000 r  clk (IN)
                         net (fo=0)                   0.000     0.000    clk_wiz/inst/clk_in1
    E3                   IBUF (Prop_ibuf_I_O)         1.411     1.411 r  clk_wiz/inst/clkin1_ibufg/O
                         net (fo=1, routed)           1.162     2.573    clk_wiz/inst/clk_in1_clk_wiz_0
    MMCME2_ADV_X1Y2      MMCME2_ADV (Prop_mmcme2_adv_CLKIN1_CLKOUT0)
                                                     -7.324    -4.751 r  clk_wiz/inst/mmcm_adv_inst/CLKOUT0
                         net (fo=1, routed)           1.639    -3.112    clk_wiz/inst/clk_out1_clk_wiz_0
    BUFGCTRL_X0Y16       BUFG (Prop_bufg_I_O)         0.091    -3.021 r  clk_wiz/inst/clkout1_buf/O
                         net (fo=63, routed)          1.499    -1.522    gen/serialize_ch1/clk_out1
    SLICE_X10Y128        FDRE                                         r  gen/serialize_ch1/TMDS_shift_reg[7]/C

Slack:                    inf
  Source:                 gen/encode_ch1/tmds_reg[2]/C
                            (rising edge-triggered cell FDSE)
  Destination:            gen/serialize_ch1/TMDS_shift_reg[2]/D
                            (rising edge-triggered cell FDRE clocked by clk_out1_clk_wiz_0  {rise@0.000ns fall@2.000ns period=4.000ns})
  Path Group:             (none)
  Path Type:              Setup (Max at Slow Process Corner)
  Data Path Delay:        1.547ns  (logic 0.580ns (37.492%)  route 0.967ns (62.508%))
  Logic Levels:           2  (FDSE=1 LUT3=1)
  Clock Uncertainty:      0.159ns  ((TSJ^2 + DJ^2)^1/2) / 2 + PE
    Total System Jitter     (TSJ):    0.050ns
    Discrete Jitter          (DJ):    0.110ns
    Phase Error              (PE):    0.099ns

    Location             Delay type                Incr(ns)  Path(ns)    Netlist Resource(s)
  -------------------------------------------------------------------    -------------------
    SLICE_X9Y128         FDSE                         0.000     0.000 r  gen/encode_ch1/tmds_reg[2]/C
    SLICE_X9Y128         FDSE (Prop_fdse_C_Q)         0.456     0.456 r  gen/encode_ch1/tmds_reg[2]/Q
                         net (fo=1, routed)           0.967     1.423    gen/serialize_ch1/TMDS_shift_reg[2]_0
    SLICE_X10Y128        LUT3 (Prop_lut3_I0_O)        0.124     1.547 r  gen/serialize_ch1/TMDS_shift[2]_i_1/O
                         net (fo=1, routed)           0.000     1.547    gen/serialize_ch1/TMDS_shift[2]_i_1_n_0
    SLICE_X10Y128        FDRE                                         r  gen/serialize_ch1/TMDS_shift_reg[2]/D
  -------------------------------------------------------------------    -------------------

                         (clock clk_out1_clk_wiz_0 rise edge)
                                                      0.000     0.000 r  
    E3                                                0.000     0.000 r  clk (IN)
                         net (fo=0)                   0.000     0.000    clk_wiz/inst/clk_in1
    E3                   IBUF (Prop_ibuf_I_O)         1.411     1.411 r  clk_wiz/inst/clkin1_ibufg/O
                         net (fo=1, routed)           1.162     2.573    clk_wiz/inst/clk_in1_clk_wiz_0
    MMCME2_ADV_X1Y2      MMCME2_ADV (Prop_mmcme2_adv_CLKIN1_CLKOUT0)
                                                     -7.324    -4.751 r  clk_wiz/inst/mmcm_adv_inst/CLKOUT0
                         net (fo=1, routed)           1.639    -3.112    clk_wiz/inst/clk_out1_clk_wiz_0
    BUFGCTRL_X0Y16       BUFG (Prop_bufg_I_O)         0.091    -3.021 r  clk_wiz/inst/clkout1_buf/O
                         net (fo=63, routed)          1.499    -1.522    gen/serialize_ch1/clk_out1
    SLICE_X10Y128        FDRE                                         r  gen/serialize_ch1/TMDS_shift_reg[2]/C

Slack:                    inf
  Source:                 gen/encode_ch1/tmds_reg[4]/C
                            (rising edge-triggered cell FDSE)
  Destination:            gen/serialize_ch1/TMDS_shift_reg[4]/D
                            (rising edge-triggered cell FDRE clocked by clk_out1_clk_wiz_0  {rise@0.000ns fall@2.000ns period=4.000ns})
  Path Group:             (none)
  Path Type:              Setup (Max at Slow Process Corner)
  Data Path Delay:        1.524ns  (logic 0.580ns (38.058%)  route 0.944ns (61.942%))
  Logic Levels:           2  (FDSE=1 LUT3=1)
  Clock Uncertainty:      0.159ns  ((TSJ^2 + DJ^2)^1/2) / 2 + PE
    Total System Jitter     (TSJ):    0.050ns
    Discrete Jitter          (DJ):    0.110ns
    Phase Error              (PE):    0.099ns

    Location             Delay type                Incr(ns)  Path(ns)    Netlist Resource(s)
  -------------------------------------------------------------------    -------------------
    SLICE_X9Y127         FDSE                         0.000     0.000 r  gen/encode_ch1/tmds_reg[4]/C
    SLICE_X9Y127         FDSE (Prop_fdse_C_Q)         0.456     0.456 r  gen/encode_ch1/tmds_reg[4]/Q
                         net (fo=1, routed)           0.944     1.400    gen/serialize_ch1/TMDS_shift_reg[4]_0
    SLICE_X10Y128        LUT3 (Prop_lut3_I0_O)        0.124     1.524 r  gen/serialize_ch1/TMDS_shift[4]_i_1/O
                         net (fo=1, routed)           0.000     1.524    gen/serialize_ch1/TMDS_shift[4]_i_1_n_0
    SLICE_X10Y128        FDRE                                         r  gen/serialize_ch1/TMDS_shift_reg[4]/D
  -------------------------------------------------------------------    -------------------

                         (clock clk_out1_clk_wiz_0 rise edge)
                                                      0.000     0.000 r  
    E3                                                0.000     0.000 r  clk (IN)
                         net (fo=0)                   0.000     0.000    clk_wiz/inst/clk_in1
    E3                   IBUF (Prop_ibuf_I_O)         1.411     1.411 r  clk_wiz/inst/clkin1_ibufg/O
                         net (fo=1, routed)           1.162     2.573    clk_wiz/inst/clk_in1_clk_wiz_0
    MMCME2_ADV_X1Y2      MMCME2_ADV (Prop_mmcme2_adv_CLKIN1_CLKOUT0)
                                                     -7.324    -4.751 r  clk_wiz/inst/mmcm_adv_inst/CLKOUT0
                         net (fo=1, routed)           1.639    -3.112    clk_wiz/inst/clk_out1_clk_wiz_0
    BUFGCTRL_X0Y16       BUFG (Prop_bufg_I_O)         0.091    -3.021 r  clk_wiz/inst/clkout1_buf/O
                         net (fo=63, routed)          1.499    -1.522    gen/serialize_ch1/clk_out1
    SLICE_X10Y128        FDRE                                         r  gen/serialize_ch1/TMDS_shift_reg[4]/C

Slack:                    inf
  Source:                 gen/encode_ch1/tmds_reg[9]/C
                            (rising edge-triggered cell FDRE)
  Destination:            gen/serialize_ch1/TMDS_shift_reg[9]/D
                            (rising edge-triggered cell FDRE clocked by clk_out1_clk_wiz_0  {rise@0.000ns fall@2.000ns period=4.000ns})
  Path Group:             (none)
  Path Type:              Setup (Max at Slow Process Corner)
  Data Path Delay:        1.522ns  (logic 0.674ns (44.270%)  route 0.848ns (55.730%))
  Logic Levels:           2  (FDRE=1 LUT2=1)
  Clock Uncertainty:      0.159ns  ((TSJ^2 + DJ^2)^1/2) / 2 + PE
    Total System Jitter     (TSJ):    0.050ns
    Discrete Jitter          (DJ):    0.110ns
    Phase Error              (PE):    0.099ns

    Location             Delay type                Incr(ns)  Path(ns)    Netlist Resource(s)
  -------------------------------------------------------------------    -------------------
    SLICE_X8Y127         FDRE                         0.000     0.000 r  gen/encode_ch1/tmds_reg[9]/C
    SLICE_X8Y127         FDRE (Prop_fdre_C_Q)         0.518     0.518 r  gen/encode_ch1/tmds_reg[9]/Q
                         net (fo=1, routed)           0.848     1.366    gen/serialize_ch1/TMDS_shift_reg[9]_0
    SLICE_X10Y128        LUT2 (Prop_lut2_I1_O)        0.156     1.522 r  gen/serialize_ch1/TMDS_shift[9]_i_1/O
                         net (fo=1, routed)           0.000     1.522    gen/serialize_ch1/TMDS_shift[9]_i_1_n_0
    SLICE_X10Y128        FDRE                                         r  gen/serialize_ch1/TMDS_shift_reg[9]/D
  -------------------------------------------------------------------    -------------------

                         (clock clk_out1_clk_wiz_0 rise edge)
                                                      0.000     0.000 r  
    E3                                                0.000     0.000 r  clk (IN)
                         net (fo=0)                   0.000     0.000    clk_wiz/inst/clk_in1
    E3                   IBUF (Prop_ibuf_I_O)         1.411     1.411 r  clk_wiz/inst/clkin1_ibufg/O
                         net (fo=1, routed)           1.162     2.573    clk_wiz/inst/clk_in1_clk_wiz_0
    MMCME2_ADV_X1Y2      MMCME2_ADV (Prop_mmcme2_adv_CLKIN1_CLKOUT0)
                                                     -7.324    -4.751 r  clk_wiz/inst/mmcm_adv_inst/CLKOUT0
                         net (fo=1, routed)           1.639    -3.112    clk_wiz/inst/clk_out1_clk_wiz_0
    BUFGCTRL_X0Y16       BUFG (Prop_bufg_I_O)         0.091    -3.021 r  clk_wiz/inst/clkout1_buf/O
                         net (fo=63, routed)          1.499    -1.522    gen/serialize_ch1/clk_out1
    SLICE_X10Y128        FDRE                                         r  gen/serialize_ch1/TMDS_shift_reg[9]/C

Slack:                    inf
  Source:                 gen/encode_ch0/tmds_reg[4]/C
                            (rising edge-triggered cell FDSE)
  Destination:            gen/serialize_ch0/TMDS_shift_reg[4]/D
                            (rising edge-triggered cell FDRE clocked by clk_out1_clk_wiz_0  {rise@0.000ns fall@2.000ns period=4.000ns})
  Path Group:             (none)
  Path Type:              Setup (Max at Slow Process Corner)
  Data Path Delay:        1.478ns  (logic 0.580ns (39.239%)  route 0.898ns (60.761%))
  Logic Levels:           2  (FDSE=1 LUT3=1)
  Clock Uncertainty:      0.159ns  ((TSJ^2 + DJ^2)^1/2) / 2 + PE
    Total System Jitter     (TSJ):    0.050ns
    Discrete Jitter          (DJ):    0.110ns
    Phase Error              (PE):    0.099ns

    Location             Delay type                Incr(ns)  Path(ns)    Netlist Resource(s)
  -------------------------------------------------------------------    -------------------
    SLICE_X7Y130         FDSE                         0.000     0.000 r  gen/encode_ch0/tmds_reg[4]/C
    SLICE_X7Y130         FDSE (Prop_fdse_C_Q)         0.456     0.456 r  gen/encode_ch0/tmds_reg[4]/Q
                         net (fo=1, routed)           0.898     1.354    gen/serialize_ch0/tmds[4]
    SLICE_X7Y131         LUT3 (Prop_lut3_I0_O)        0.124     1.478 r  gen/serialize_ch0/TMDS_shift[4]_i_1/O
                         net (fo=1, routed)           0.000     1.478    gen/serialize_ch0/TMDS_shift[4]_i_1_n_0
    SLICE_X7Y131         FDRE                                         r  gen/serialize_ch0/TMDS_shift_reg[4]/D
  -------------------------------------------------------------------    -------------------

                         (clock clk_out1_clk_wiz_0 rise edge)
                                                      0.000     0.000 r  
    E3                                                0.000     0.000 r  clk (IN)
                         net (fo=0)                   0.000     0.000    clk_wiz/inst/clk_in1
    E3                   IBUF (Prop_ibuf_I_O)         1.411     1.411 r  clk_wiz/inst/clkin1_ibufg/O
                         net (fo=1, routed)           1.162     2.573    clk_wiz/inst/clk_in1_clk_wiz_0
    MMCME2_ADV_X1Y2      MMCME2_ADV (Prop_mmcme2_adv_CLKIN1_CLKOUT0)
                                                     -7.324    -4.751 r  clk_wiz/inst/mmcm_adv_inst/CLKOUT0
                         net (fo=1, routed)           1.639    -3.112    clk_wiz/inst/clk_out1_clk_wiz_0
    BUFGCTRL_X0Y16       BUFG (Prop_bufg_I_O)         0.091    -3.021 r  clk_wiz/inst/clkout1_buf/O
                         net (fo=63, routed)          1.577    -1.444    gen/serialize_ch0/clk_out1
    SLICE_X7Y131         FDRE                                         r  gen/serialize_ch0/TMDS_shift_reg[4]/C





Min Delay Paths
--------------------------------------------------------------------------------------
Slack:                    inf
  Source:                 gen/encode_ch2/tmds_reg[4]/C
                            (rising edge-triggered cell FDSE)
  Destination:            gen/serialize_ch2/TMDS_shift_reg[4]/D
                            (rising edge-triggered cell FDRE clocked by clk_out1_clk_wiz_0  {rise@0.000ns fall@2.000ns period=4.000ns})
  Path Group:             (none)
  Path Type:              Hold (Min at Fast Process Corner)
  Data Path Delay:        0.356ns  (logic 0.209ns (58.679%)  route 0.147ns (41.321%))
  Logic Levels:           2  (FDSE=1 LUT3=1)
  Clock Uncertainty:      0.159ns  ((TSJ^2 + DJ^2)^1/2) / 2 + PE
    Total System Jitter     (TSJ):    0.050ns
    Discrete Jitter          (DJ):    0.110ns
    Phase Error              (PE):    0.099ns

    Location             Delay type                Incr(ns)  Path(ns)    Netlist Resource(s)
  -------------------------------------------------------------------    -------------------
    SLICE_X2Y125         FDSE                         0.000     0.000 r  gen/encode_ch2/tmds_reg[4]/C
    SLICE_X2Y125         FDSE (Prop_fdse_C_Q)         0.164     0.164 r  gen/encode_ch2/tmds_reg[4]/Q
                         net (fo=1, routed)           0.147     0.311    gen/serialize_ch2/TMDS_shift_reg[4]_0
    SLICE_X2Y126         LUT3 (Prop_lut3_I0_O)        0.045     0.356 r  gen/serialize_ch2/TMDS_shift[4]_i_1/O
                         net (fo=1, routed)           0.000     0.356    gen/serialize_ch2/TMDS_shift[4]_i_1_n_0
    SLICE_X2Y126         FDRE                                         r  gen/serialize_ch2/TMDS_shift_reg[4]/D
  -------------------------------------------------------------------    -------------------

                         (clock clk_out1_clk_wiz_0 rise edge)
                                                      0.000     0.000 r  
    E3                                                0.000     0.000 r  clk (IN)
                         net (fo=0)                   0.000     0.000    clk_wiz/inst/clk_in1
    E3                   IBUF (Prop_ibuf_I_O)         0.438     0.438 r  clk_wiz/inst/clkin1_ibufg/O
                         net (fo=1, routed)           0.480     0.918    clk_wiz/inst/clk_in1_clk_wiz_0
    MMCME2_ADV_X1Y2      MMCME2_ADV (Prop_mmcme2_adv_CLKIN1_CLKOUT0)
                                                     -3.163    -2.245 r  clk_wiz/inst/mmcm_adv_inst/CLKOUT0
                         net (fo=1, routed)           0.544    -1.702    clk_wiz/inst/clk_out1_clk_wiz_0
    BUFGCTRL_X0Y16       BUFG (Prop_bufg_I_O)         0.029    -1.673 r  clk_wiz/inst/clkout1_buf/O
                         net (fo=63, routed)          0.855    -0.817    gen/serialize_ch2/clk_out1
    SLICE_X2Y126         FDRE                                         r  gen/serialize_ch2/TMDS_shift_reg[4]/C

Slack:                    inf
  Source:                 gen/encode_ch0/tmds_reg[3]/C
                            (rising edge-triggered cell FDRE)
  Destination:            gen/serialize_ch0/TMDS_shift_reg[3]/D
                            (rising edge-triggered cell FDRE clocked by clk_out1_clk_wiz_0  {rise@0.000ns fall@2.000ns period=4.000ns})
  Path Group:             (none)
  Path Type:              Hold (Min at Fast Process Corner)
  Data Path Delay:        0.359ns  (logic 0.213ns (59.324%)  route 0.146ns (40.676%))
  Logic Levels:           2  (FDRE=1 LUT3=1)
  Clock Uncertainty:      0.159ns  ((TSJ^2 + DJ^2)^1/2) / 2 + PE
    Total System Jitter     (TSJ):    0.050ns
    Discrete Jitter          (DJ):    0.110ns
    Phase Error              (PE):    0.099ns

    Location             Delay type                Incr(ns)  Path(ns)    Netlist Resource(s)
  -------------------------------------------------------------------    -------------------
    SLICE_X6Y130         FDRE                         0.000     0.000 r  gen/encode_ch0/tmds_reg[3]/C
    SLICE_X6Y130         FDRE (Prop_fdre_C_Q)         0.164     0.164 r  gen/encode_ch0/tmds_reg[3]/Q
                         net (fo=2, routed)           0.146     0.310    gen/serialize_ch0/tmds[3]
    SLICE_X7Y131         LUT3 (Prop_lut3_I0_O)        0.049     0.359 r  gen/serialize_ch0/TMDS_shift[3]_i_1/O
                         net (fo=1, routed)           0.000     0.359    gen/serialize_ch0/TMDS_shift[3]_i_1_n_0
    SLICE_X7Y131         FDRE                                         r  gen/serialize_ch0/TMDS_shift_reg[3]/D
  -------------------------------------------------------------------    -------------------

                         (clock clk_out1_clk_wiz_0 rise edge)
                                                      0.000     0.000 r  
    E3                                                0.000     0.000 r  clk (IN)
                         net (fo=0)                   0.000     0.000    clk_wiz/inst/clk_in1
    E3                   IBUF (Prop_ibuf_I_O)         0.438     0.438 r  clk_wiz/inst/clkin1_ibufg/O
                         net (fo=1, routed)           0.480     0.918    clk_wiz/inst/clk_in1_clk_wiz_0
    MMCME2_ADV_X1Y2      MMCME2_ADV (Prop_mmcme2_adv_CLKIN1_CLKOUT0)
                                                     -3.163    -2.245 r  clk_wiz/inst/mmcm_adv_inst/CLKOUT0
                         net (fo=1, routed)           0.544    -1.702    clk_wiz/inst/clk_out1_clk_wiz_0
    BUFGCTRL_X0Y16       BUFG (Prop_bufg_I_O)         0.029    -1.673 r  clk_wiz/inst/clkout1_buf/O
                         net (fo=63, routed)          0.859    -0.814    gen/serialize_ch0/clk_out1
    SLICE_X7Y131         FDRE                                         r  gen/serialize_ch0/TMDS_shift_reg[3]/C

Slack:                    inf
  Source:                 gen/encode_ch0/tmds_reg[6]/C
                            (rising edge-triggered cell FDSE)
  Destination:            gen/serialize_ch0/TMDS_shift_reg[6]/D
                            (rising edge-triggered cell FDRE clocked by clk_out1_clk_wiz_0  {rise@0.000ns fall@2.000ns period=4.000ns})
  Path Group:             (none)
  Path Type:              Hold (Min at Fast Process Corner)
  Data Path Delay:        0.379ns  (logic 0.186ns (49.054%)  route 0.193ns (50.946%))
  Logic Levels:           2  (FDSE=1 LUT3=1)
  Clock Uncertainty:      0.159ns  ((TSJ^2 + DJ^2)^1/2) / 2 + PE
    Total System Jitter     (TSJ):    0.050ns
    Discrete Jitter          (DJ):    0.110ns
    Phase Error              (PE):    0.099ns

    Location             Delay type                Incr(ns)  Path(ns)    Netlist Resource(s)
  -------------------------------------------------------------------    -------------------
    SLICE_X7Y130         FDSE                         0.000     0.000 r  gen/encode_ch0/tmds_reg[6]/C
    SLICE_X7Y130         FDSE (Prop_fdse_C_Q)         0.141     0.141 r  gen/encode_ch0/tmds_reg[6]/Q
                         net (fo=1, routed)           0.193     0.334    gen/serialize_ch0/tmds[5]
    SLICE_X7Y131         LUT3 (Prop_lut3_I0_O)        0.045     0.379 r  gen/serialize_ch0/TMDS_shift[6]_i_1/O
                         net (fo=1, routed)           0.000     0.379    gen/serialize_ch0/TMDS_shift[6]_i_1_n_0
    SLICE_X7Y131         FDRE                                         r  gen/serialize_ch0/TMDS_shift_reg[6]/D
  -------------------------------------------------------------------    -------------------

                         (clock clk_out1_clk_wiz_0 rise edge)
                                                      0.000     0.000 r  
    E3                                                0.000     0.000 r  clk (IN)
                         net (fo=0)                   0.000     0.000    clk_wiz/inst/clk_in1
    E3                   IBUF (Prop_ibuf_I_O)         0.438     0.438 r  clk_wiz/inst/clkin1_ibufg/O
                         net (fo=1, routed)           0.480     0.918    clk_wiz/inst/clk_in1_clk_wiz_0
    MMCME2_ADV_X1Y2      MMCME2_ADV (Prop_mmcme2_adv_CLKIN1_CLKOUT0)
                                                     -3.163    -2.245 r  clk_wiz/inst/mmcm_adv_inst/CLKOUT0
                         net (fo=1, routed)           0.544    -1.702    clk_wiz/inst/clk_out1_clk_wiz_0
    BUFGCTRL_X0Y16       BUFG (Prop_bufg_I_O)         0.029    -1.673 r  clk_wiz/inst/clkout1_buf/O
                         net (fo=63, routed)          0.859    -0.814    gen/serialize_ch0/clk_out1
    SLICE_X7Y131         FDRE                                         r  gen/serialize_ch0/TMDS_shift_reg[6]/C

Slack:                    inf
  Source:                 gen/encode_ch1/tmds_reg[8]/C
                            (rising edge-triggered cell FDSE)
  Destination:            gen/serialize_ch1/TMDS_shift_reg[8]/D
                            (rising edge-triggered cell FDRE clocked by clk_out1_clk_wiz_0  {rise@0.000ns fall@2.000ns period=4.000ns})
  Path Group:             (none)
  Path Type:              Hold (Min at Fast Process Corner)
  Data Path Delay:        0.384ns  (logic 0.186ns (48.435%)  route 0.198ns (51.565%))
  Logic Levels:           2  (FDSE=1 LUT3=1)
  Clock Uncertainty:      0.159ns  ((TSJ^2 + DJ^2)^1/2) / 2 + PE
    Total System Jitter     (TSJ):    0.050ns
    Discrete Jitter          (DJ):    0.110ns
    Phase Error              (PE):    0.099ns

    Location             Delay type                Incr(ns)  Path(ns)    Netlist Resource(s)
  -------------------------------------------------------------------    -------------------
    SLICE_X9Y128         FDSE                         0.000     0.000 r  gen/encode_ch1/tmds_reg[8]/C
    SLICE_X9Y128         FDSE (Prop_fdse_C_Q)         0.141     0.141 r  gen/encode_ch1/tmds_reg[8]/Q
                         net (fo=1, routed)           0.198     0.339    gen/serialize_ch1/TMDS_shift_reg[8]_0
    SLICE_X10Y128        LUT3 (Prop_lut3_I0_O)        0.045     0.384 r  gen/serialize_ch1/TMDS_shift[8]_i_1/O
                         net (fo=1, routed)           0.000     0.384    gen/serialize_ch1/TMDS_shift[8]_i_1_n_0
    SLICE_X10Y128        FDRE                                         r  gen/serialize_ch1/TMDS_shift_reg[8]/D
  -------------------------------------------------------------------    -------------------

                         (clock clk_out1_clk_wiz_0 rise edge)
                                                      0.000     0.000 r  
    E3                                                0.000     0.000 r  clk (IN)
                         net (fo=0)                   0.000     0.000    clk_wiz/inst/clk_in1
    E3                   IBUF (Prop_ibuf_I_O)         0.438     0.438 r  clk_wiz/inst/clkin1_ibufg/O
                         net (fo=1, routed)           0.480     0.918    clk_wiz/inst/clk_in1_clk_wiz_0
    MMCME2_ADV_X1Y2      MMCME2_ADV (Prop_mmcme2_adv_CLKIN1_CLKOUT0)
                                                     -3.163    -2.245 r  clk_wiz/inst/mmcm_adv_inst/CLKOUT0
                         net (fo=1, routed)           0.544    -1.702    clk_wiz/inst/clk_out1_clk_wiz_0
    BUFGCTRL_X0Y16       BUFG (Prop_bufg_I_O)         0.029    -1.673 r  clk_wiz/inst/clkout1_buf/O
                         net (fo=63, routed)          0.828    -0.845    gen/serialize_ch1/clk_out1
    SLICE_X10Y128        FDRE                                         r  gen/serialize_ch1/TMDS_shift_reg[8]/C

Slack:                    inf
  Source:                 gen/encode_ch0/tmds_reg[0]/C
                            (rising edge-triggered cell FDRE)
  Destination:            gen/serialize_ch0/TMDS_shift_reg[0]/D
                            (rising edge-triggered cell FDRE clocked by clk_out1_clk_wiz_0  {rise@0.000ns fall@2.000ns period=4.000ns})
  Path Group:             (none)
  Path Type:              Hold (Min at Fast Process Corner)
  Data Path Delay:        0.384ns  (logic 0.186ns (48.399%)  route 0.198ns (51.601%))
  Logic Levels:           2  (FDRE=1 LUT3=1)
  Clock Uncertainty:      0.159ns  ((TSJ^2 + DJ^2)^1/2) / 2 + PE
    Total System Jitter     (TSJ):    0.050ns
    Discrete Jitter          (DJ):    0.110ns
    Phase Error              (PE):    0.099ns

    Location             Delay type                Incr(ns)  Path(ns)    Netlist Resource(s)
  -------------------------------------------------------------------    -------------------
    SLICE_X7Y130         FDRE                         0.000     0.000 r  gen/encode_ch0/tmds_reg[0]/C
    SLICE_X7Y130         FDRE (Prop_fdre_C_Q)         0.141     0.141 r  gen/encode_ch0/tmds_reg[0]/Q
                         net (fo=1, routed)           0.198     0.339    gen/serialize_ch0/tmds[0]
    SLICE_X7Y131         LUT3 (Prop_lut3_I0_O)        0.045     0.384 r  gen/serialize_ch0/TMDS_shift[0]_i_1/O
                         net (fo=1, routed)           0.000     0.384    gen/serialize_ch0/TMDS_shift[0]_i_1_n_0
    SLICE_X7Y131         FDRE                                         r  gen/serialize_ch0/TMDS_shift_reg[0]/D
  -------------------------------------------------------------------    -------------------

                         (clock clk_out1_clk_wiz_0 rise edge)
                                                      0.000     0.000 r  
    E3                                                0.000     0.000 r  clk (IN)
                         net (fo=0)                   0.000     0.000    clk_wiz/inst/clk_in1
    E3                   IBUF (Prop_ibuf_I_O)         0.438     0.438 r  clk_wiz/inst/clkin1_ibufg/O
                         net (fo=1, routed)           0.480     0.918    clk_wiz/inst/clk_in1_clk_wiz_0
    MMCME2_ADV_X1Y2      MMCME2_ADV (Prop_mmcme2_adv_CLKIN1_CLKOUT0)
                                                     -3.163    -2.245 r  clk_wiz/inst/mmcm_adv_inst/CLKOUT0
                         net (fo=1, routed)           0.544    -1.702    clk_wiz/inst/clk_out1_clk_wiz_0
    BUFGCTRL_X0Y16       BUFG (Prop_bufg_I_O)         0.029    -1.673 r  clk_wiz/inst/clkout1_buf/O
                         net (fo=63, routed)          0.859    -0.814    gen/serialize_ch0/clk_out1
    SLICE_X7Y131         FDRE                                         r  gen/serialize_ch0/TMDS_shift_reg[0]/C

Slack:                    inf
  Source:                 gen/encode_ch1/tmds_reg[0]/C
                            (rising edge-triggered cell FDRE)
  Destination:            gen/serialize_ch1/TMDS_shift_reg[0]/D
                            (rising edge-triggered cell FDRE clocked by clk_out1_clk_wiz_0  {rise@0.000ns fall@2.000ns period=4.000ns})
  Path Group:             (none)
  Path Type:              Hold (Min at Fast Process Corner)
  Data Path Delay:        0.384ns  (logic 0.186ns (48.378%)  route 0.198ns (51.622%))
  Logic Levels:           2  (FDRE=1 LUT3=1)
  Clock Uncertainty:      0.159ns  ((TSJ^2 + DJ^2)^1/2) / 2 + PE
    Total System Jitter     (TSJ):    0.050ns
    Discrete Jitter          (DJ):    0.110ns
    Phase Error              (PE):    0.099ns

    Location             Delay type                Incr(ns)  Path(ns)    Netlist Resource(s)
  -------------------------------------------------------------------    -------------------
    SLICE_X9Y126         FDRE                         0.000     0.000 r  gen/encode_ch1/tmds_reg[0]/C
    SLICE_X9Y126         FDRE (Prop_fdre_C_Q)         0.141     0.141 r  gen/encode_ch1/tmds_reg[0]/Q
                         net (fo=1, routed)           0.198     0.339    gen/serialize_ch1/TMDS_shift_reg[0]_0
    SLICE_X10Y127        LUT3 (Prop_lut3_I0_O)        0.045     0.384 r  gen/serialize_ch1/TMDS_shift[0]_i_1/O
                         net (fo=1, routed)           0.000     0.384    gen/serialize_ch1/TMDS_shift[0]_i_1_n_0
    SLICE_X10Y127        FDRE                                         r  gen/serialize_ch1/TMDS_shift_reg[0]/D
  -------------------------------------------------------------------    -------------------

                         (clock clk_out1_clk_wiz_0 rise edge)
                                                      0.000     0.000 r  
    E3                                                0.000     0.000 r  clk (IN)
                         net (fo=0)                   0.000     0.000    clk_wiz/inst/clk_in1
    E3                   IBUF (Prop_ibuf_I_O)         0.438     0.438 r  clk_wiz/inst/clkin1_ibufg/O
                         net (fo=1, routed)           0.480     0.918    clk_wiz/inst/clk_in1_clk_wiz_0
    MMCME2_ADV_X1Y2      MMCME2_ADV (Prop_mmcme2_adv_CLKIN1_CLKOUT0)
                                                     -3.163    -2.245 r  clk_wiz/inst/mmcm_adv_inst/CLKOUT0
                         net (fo=1, routed)           0.544    -1.702    clk_wiz/inst/clk_out1_clk_wiz_0
    BUFGCTRL_X0Y16       BUFG (Prop_bufg_I_O)         0.029    -1.673 r  clk_wiz/inst/clkout1_buf/O
                         net (fo=63, routed)          0.827    -0.846    gen/serialize_ch1/clk_out1
    SLICE_X10Y127        FDRE                                         r  gen/serialize_ch1/TMDS_shift_reg[0]/C

Slack:                    inf
  Source:                 gen/encode_ch2/tmds_reg[6]/C
                            (rising edge-triggered cell FDSE)
  Destination:            gen/serialize_ch2/TMDS_shift_reg[6]/D
                            (rising edge-triggered cell FDRE clocked by clk_out1_clk_wiz_0  {rise@0.000ns fall@2.000ns period=4.000ns})
  Path Group:             (none)
  Path Type:              Hold (Min at Fast Process Corner)
  Data Path Delay:        0.387ns  (logic 0.186ns (48.015%)  route 0.201ns (51.985%))
  Logic Levels:           2  (FDSE=1 LUT3=1)
  Clock Uncertainty:      0.159ns  ((TSJ^2 + DJ^2)^1/2) / 2 + PE
    Total System Jitter     (TSJ):    0.050ns
    Discrete Jitter          (DJ):    0.110ns
    Phase Error              (PE):    0.099ns

    Location             Delay type                Incr(ns)  Path(ns)    Netlist Resource(s)
  -------------------------------------------------------------------    -------------------
    SLICE_X4Y127         FDSE                         0.000     0.000 r  gen/encode_ch2/tmds_reg[6]/C
    SLICE_X4Y127         FDSE (Prop_fdse_C_Q)         0.141     0.141 r  gen/encode_ch2/tmds_reg[6]/Q
                         net (fo=1, routed)           0.201     0.342    gen/serialize_ch2/TMDS_shift_reg[6]_0
    SLICE_X2Y127         LUT3 (Prop_lut3_I0_O)        0.045     0.387 r  gen/serialize_ch2/TMDS_shift[6]_i_1/O
                         net (fo=1, routed)           0.000     0.387    gen/serialize_ch2/TMDS_shift[6]_i_1_n_0
    SLICE_X2Y127         FDRE                                         r  gen/serialize_ch2/TMDS_shift_reg[6]/D
  -------------------------------------------------------------------    -------------------

                         (clock clk_out1_clk_wiz_0 rise edge)
                                                      0.000     0.000 r  
    E3                                                0.000     0.000 r  clk (IN)
                         net (fo=0)                   0.000     0.000    clk_wiz/inst/clk_in1
    E3                   IBUF (Prop_ibuf_I_O)         0.438     0.438 r  clk_wiz/inst/clkin1_ibufg/O
                         net (fo=1, routed)           0.480     0.918    clk_wiz/inst/clk_in1_clk_wiz_0
    MMCME2_ADV_X1Y2      MMCME2_ADV (Prop_mmcme2_adv_CLKIN1_CLKOUT0)
                                                     -3.163    -2.245 r  clk_wiz/inst/mmcm_adv_inst/CLKOUT0
                         net (fo=1, routed)           0.544    -1.702    clk_wiz/inst/clk_out1_clk_wiz_0
    BUFGCTRL_X0Y16       BUFG (Prop_bufg_I_O)         0.029    -1.673 r  clk_wiz/inst/clkout1_buf/O
                         net (fo=63, routed)          0.858    -0.815    gen/serialize_ch2/clk_out1
    SLICE_X2Y127         FDRE                                         r  gen/serialize_ch2/TMDS_shift_reg[6]/C

Slack:                    inf
  Source:                 gen/encode_ch2/tmds_reg[5]/C
                            (rising edge-triggered cell FDRE)
  Destination:            gen/serialize_ch2/TMDS_shift_reg[5]/D
                            (rising edge-triggered cell FDRE clocked by clk_out1_clk_wiz_0  {rise@0.000ns fall@2.000ns period=4.000ns})
  Path Group:             (none)
  Path Type:              Hold (Min at Fast Process Corner)
  Data Path Delay:        0.389ns  (logic 0.188ns (48.282%)  route 0.201ns (51.718%))
  Logic Levels:           2  (FDRE=1 LUT3=1)
  Clock Uncertainty:      0.159ns  ((TSJ^2 + DJ^2)^1/2) / 2 + PE
    Total System Jitter     (TSJ):    0.050ns
    Discrete Jitter          (DJ):    0.110ns
    Phase Error              (PE):    0.099ns

    Location             Delay type                Incr(ns)  Path(ns)    Netlist Resource(s)
  -------------------------------------------------------------------    -------------------
    SLICE_X4Y126         FDRE                         0.000     0.000 r  gen/encode_ch2/tmds_reg[5]/C
    SLICE_X4Y126         FDRE (Prop_fdre_C_Q)         0.141     0.141 r  gen/encode_ch2/tmds_reg[5]/Q
                         net (fo=1, routed)           0.201     0.342    gen/serialize_ch2/TMDS_shift_reg[5]_0
    SLICE_X2Y126         LUT3 (Prop_lut3_I0_O)        0.047     0.389 r  gen/serialize_ch2/TMDS_shift[5]_i_1/O
                         net (fo=1, routed)           0.000     0.389    gen/serialize_ch2/TMDS_shift[5]_i_1_n_0
    SLICE_X2Y126         FDRE                                         r  gen/serialize_ch2/TMDS_shift_reg[5]/D
  -------------------------------------------------------------------    -------------------

                         (clock clk_out1_clk_wiz_0 rise edge)
                                                      0.000     0.000 r  
    E3                                                0.000     0.000 r  clk (IN)
                         net (fo=0)                   0.000     0.000    clk_wiz/inst/clk_in1
    E3                   IBUF (Prop_ibuf_I_O)         0.438     0.438 r  clk_wiz/inst/clkin1_ibufg/O
                         net (fo=1, routed)           0.480     0.918    clk_wiz/inst/clk_in1_clk_wiz_0
    MMCME2_ADV_X1Y2      MMCME2_ADV (Prop_mmcme2_adv_CLKIN1_CLKOUT0)
                                                     -3.163    -2.245 r  clk_wiz/inst/mmcm_adv_inst/CLKOUT0
                         net (fo=1, routed)           0.544    -1.702    clk_wiz/inst/clk_out1_clk_wiz_0
    BUFGCTRL_X0Y16       BUFG (Prop_bufg_I_O)         0.029    -1.673 r  clk_wiz/inst/clkout1_buf/O
                         net (fo=63, routed)          0.855    -0.817    gen/serialize_ch2/clk_out1
    SLICE_X2Y126         FDRE                                         r  gen/serialize_ch2/TMDS_shift_reg[5]/C

Slack:                    inf
  Source:                 gen/encode_ch2/tmds_reg[2]/C
                            (rising edge-triggered cell FDSE)
  Destination:            gen/serialize_ch2/TMDS_shift_reg[2]/D
                            (rising edge-triggered cell FDRE clocked by clk_out1_clk_wiz_0  {rise@0.000ns fall@2.000ns period=4.000ns})
  Path Group:             (none)
  Path Type:              Hold (Min at Fast Process Corner)
  Data Path Delay:        0.390ns  (logic 0.186ns (47.676%)  route 0.204ns (52.324%))
  Logic Levels:           2  (FDSE=1 LUT3=1)
  Clock Uncertainty:      0.159ns  ((TSJ^2 + DJ^2)^1/2) / 2 + PE
    Total System Jitter     (TSJ):    0.050ns
    Discrete Jitter          (DJ):    0.110ns
    Phase Error              (PE):    0.099ns

    Location             Delay type                Incr(ns)  Path(ns)    Netlist Resource(s)
  -------------------------------------------------------------------    -------------------
    SLICE_X4Y126         FDSE                         0.000     0.000 r  gen/encode_ch2/tmds_reg[2]/C
    SLICE_X4Y126         FDSE (Prop_fdse_C_Q)         0.141     0.141 r  gen/encode_ch2/tmds_reg[2]/Q
                         net (fo=1, routed)           0.204     0.345    gen/serialize_ch2/TMDS_shift_reg[2]_0
    SLICE_X2Y126         LUT3 (Prop_lut3_I0_O)        0.045     0.390 r  gen/serialize_ch2/TMDS_shift[2]_i_1/O
                         net (fo=1, routed)           0.000     0.390    gen/serialize_ch2/TMDS_shift[2]_i_1_n_0
    SLICE_X2Y126         FDRE                                         r  gen/serialize_ch2/TMDS_shift_reg[2]/D
  -------------------------------------------------------------------    -------------------

                         (clock clk_out1_clk_wiz_0 rise edge)
                                                      0.000     0.000 r  
    E3                                                0.000     0.000 r  clk (IN)
                         net (fo=0)                   0.000     0.000    clk_wiz/inst/clk_in1
    E3                   IBUF (Prop_ibuf_I_O)         0.438     0.438 r  clk_wiz/inst/clkin1_ibufg/O
                         net (fo=1, routed)           0.480     0.918    clk_wiz/inst/clk_in1_clk_wiz_0
    MMCME2_ADV_X1Y2      MMCME2_ADV (Prop_mmcme2_adv_CLKIN1_CLKOUT0)
                                                     -3.163    -2.245 r  clk_wiz/inst/mmcm_adv_inst/CLKOUT0
                         net (fo=1, routed)           0.544    -1.702    clk_wiz/inst/clk_out1_clk_wiz_0
    BUFGCTRL_X0Y16       BUFG (Prop_bufg_I_O)         0.029    -1.673 r  clk_wiz/inst/clkout1_buf/O
                         net (fo=63, routed)          0.855    -0.817    gen/serialize_ch2/clk_out1
    SLICE_X2Y126         FDRE                                         r  gen/serialize_ch2/TMDS_shift_reg[2]/C

Slack:                    inf
  Source:                 gen/encode_ch2/tmds_reg[1]/C
                            (rising edge-triggered cell FDRE)
  Destination:            gen/serialize_ch2/TMDS_shift_reg[1]/D
                            (rising edge-triggered cell FDRE clocked by clk_out1_clk_wiz_0  {rise@0.000ns fall@2.000ns period=4.000ns})
  Path Group:             (none)
  Path Type:              Hold (Min at Fast Process Corner)
  Data Path Delay:        0.391ns  (logic 0.187ns (47.810%)  route 0.204ns (52.190%))
  Logic Levels:           2  (FDRE=1 LUT3=1)
  Clock Uncertainty:      0.159ns  ((TSJ^2 + DJ^2)^1/2) / 2 + PE
    Total System Jitter     (TSJ):    0.050ns
    Discrete Jitter          (DJ):    0.110ns
    Phase Error              (PE):    0.099ns

    Location             Delay type                Incr(ns)  Path(ns)    Netlist Resource(s)
  -------------------------------------------------------------------    -------------------
    SLICE_X4Y127         FDRE                         0.000     0.000 r  gen/encode_ch2/tmds_reg[1]/C
    SLICE_X4Y127         FDRE (Prop_fdre_C_Q)         0.141     0.141 r  gen/encode_ch2/tmds_reg[1]/Q
                         net (fo=1, routed)           0.204     0.345    gen/serialize_ch2/TMDS_shift_reg[1]_0
    SLICE_X2Y127         LUT3 (Prop_lut3_I0_O)        0.046     0.391 r  gen/serialize_ch2/TMDS_shift[1]_i_1/O
                         net (fo=1, routed)           0.000     0.391    gen/serialize_ch2/TMDS_shift[1]_i_1_n_0
    SLICE_X2Y127         FDRE                                         r  gen/serialize_ch2/TMDS_shift_reg[1]/D
  -------------------------------------------------------------------    -------------------

                         (clock clk_out1_clk_wiz_0 rise edge)
                                                      0.000     0.000 r  
    E3                                                0.000     0.000 r  clk (IN)
                         net (fo=0)                   0.000     0.000    clk_wiz/inst/clk_in1
    E3                   IBUF (Prop_ibuf_I_O)         0.438     0.438 r  clk_wiz/inst/clkin1_ibufg/O
                         net (fo=1, routed)           0.480     0.918    clk_wiz/inst/clk_in1_clk_wiz_0
    MMCME2_ADV_X1Y2      MMCME2_ADV (Prop_mmcme2_adv_CLKIN1_CLKOUT0)
                                                     -3.163    -2.245 r  clk_wiz/inst/mmcm_adv_inst/CLKOUT0
                         net (fo=1, routed)           0.544    -1.702    clk_wiz/inst/clk_out1_clk_wiz_0
    BUFGCTRL_X0Y16       BUFG (Prop_bufg_I_O)         0.029    -1.673 r  clk_wiz/inst/clkout1_buf/O
                         net (fo=63, routed)          0.858    -0.815    gen/serialize_ch2/clk_out1
    SLICE_X2Y127         FDRE                                         r  gen/serialize_ch2/TMDS_shift_reg[1]/C





